,funding_8h,current_funding,best_bid_amount,best_ask_amount,estimated_delivery_price,best_bid_price,best_ask_price,interest_value,open_interest,max_price,min_price,last_price,settlement_price,instrument_name,mark_price,index_price,state,timestamp,stats.volume_notional,stats.volume_usd,stats.volume,stats.price_change,stats.low,stats.high,bid_iv,ask_iv,underlying_index,underlying_price,mark_iv,interest_rate,greeks.rho,greeks.theta,greeks.vega,greeks.gamma,greeks.delta,t,strike,m
BTC-PERPETUAL,-3.92e-06,0.0,162130.0,4280.0,64071.72,64071.5,64072.0,-0.002071349330052408,835292520.0,65998.5,62153.5,64078.0,62936.2,BTC-PERPETUAL,64075.97,64071.72,open,1714275632323,207825270.0,207825270.0,3284.40770073,1.6675,62652.5,64339.0,,,,,,,,,,,,,,
BTC-28APR24-56000-P,,,0.0,0.9,64075.02,0.0,0.0002,,27.0,0.015,0.0001,0.0002,0.00013757,BTC-28APR24-56000-P,0.0,64075.02,open,1714275635347,,1.29,0.1,0.0,0.0002,0.0002,0.0,263.79,SYN.BTC-28APR24,64076.019,94.1,0.0,0.0,0.0,0.0,0.0,0.0,0.0,56000.0,0.1347494005516144
BTC-28APR24-57000-P,,,0.0,0.1,64073.83,0.0,0.0002,,9.3,0.015,0.0001,0.0001,0.00013826,BTC-28APR24-57000-P,0.0,64073.83,open,1714275636352,,5.04,0.8,0.0,0.0001,0.0001,0.0,233.14,SYN.BTC-28APR24,64076.7289,81.47,0.0,0.0,0.0,0.0,0.0,0.0,0.0,57000.0,0.11704982345221354
BTC-28APR24-58000-P,,,0.0,1.5,64064.58,0.0,0.0002,,72.9,0.015,0.0001,0.0001,0.00011398,BTC-28APR24-58000-P,0.0,64064.58,open,1714275638369,,67.8,6.2,0.0,0.0001,0.0002,0.0,202.46,SYN.BTC-28APR24,64071.987,67.07,0.0,0.0,0.0,0.0,0.0,0.0,0.0,58000.0,0.09965808074034431
BTC-28APR24-59000-P,,,0.0,0.6,64063.26,0.0,0.0001,,23.7,0.015,0.0001,0.0002,0.00021586,BTC-28APR24-59000-P,0.0,64063.26,open,1714275639374,,220.66,17.8,-33.3333,0.0001,0.0003,0.0,156.73,SYN.BTC-28APR24,64066.2969,66.37,0.0,0.0,0.0,0.0,0.0,0.0,0.0,59000.0,0.0825636473810442
BTC-28APR24-60000-P,,,0.0,6.0,64061.41,0.0,0.0002,,48.3,0.015,0.0001,0.0002,0.00042573,BTC-28APR24-60000-P,0.0,64061.41,open,1714275641387,,191.4,13.2,-50.0,0.0001,0.0004,0.0,141.1,SYN.BTC-28APR24,64064.9033,65.57,0.0,0.0,-0.00062,0.00022,0.0,0.0,0.0,60000.0,0.06575652906466302
BTC-28APR24-60500-P,,,0.0,1.0,64061.79,0.0,0.0001,,30.2,0.015,0.0001,0.0003,0.00066361,BTC-28APR24-60500-P,0.0,64061.79,open,1714275643402,,359.9,14.3,-25.0,0.0002,0.0006,0.0,113.87,SYN.BTC-28APR24,64062.8085,62.95,0.0,-1e-05,-0.00407,0.00126,0.0,-2e-05,0.0,60500.0,0.057457726249967866
BTC-28APR24-61000-P,,,0.0,0.8,64061.35,0.0,0.0001,,51.7,0.015,0.0001,0.0001,0.0009983,BTC-28APR24-61000-P,0.0,64061.35,open,1714275644411,,459.58,14.1,-88.8889,0.0001,0.001,0.0,99.51,SYN.BTC-28APR24,64063.498,59.27,0.0,-3e-05,-0.01925,0.00538,0.0,-0.0001,0.0,61000.0,0.04922722711345241
BTC-28APR24-61500-P,,,0.0,0.7,64062.91,0.0,0.0001,,29.3,0.017,0.0001,0.0001,0.00155595,BTC-28APR24-61500-P,0.0,64062.91,open,1714275646424,,1662.77,24.7,-90.0,0.0001,0.0018,0.0,85.01,SYN.BTC-28APR24,64063.7161,59.27,0.0,-0.0003,-0.21754,0.04496,0.0,-0.00093,0.0,61500.0,0.041063916474291355
BTC-28APR24-62000-P,,,0.0,0.1,64060.7,0.0,0.0001,,472.4,0.0215,0.0001,0.0004,0.00261106,BTC-28APR24-62000-P,0.0,64060.7,open,1714275647431,,46667.08,324.7,-80.0,0.0002,0.0031,0.0,70.32,SYN.BTC-28APR24,64063.6993,59.27,0.0,-0.002,-1.72179,0.25232,2e-05,-0.0063,0.0,62000.0,0.03296670624167212
BTC-28APR24-62500-P,,,1.3,10.2,64059.38,0.0002,0.0004,,104.3,0.0265,0.0001,0.0001,0.00419084,BTC-28APR24-62500-P,0.0002,64059.38,open,1714275648439,,7678.36,58.8,-97.2973,0.0001,0.0047,62.17,71.34,SYN.BTC-28APR24,64062.4121,59.28,0.0,-0.00947,-9.78418,0.96366,8e-05,-0.02985,0.0,62500.0,0.024934534544407774
BTC-28APR24-63000-P,,,1.0,1.9,64052.31,0.0002,0.0004,,141.6,0.0285,0.0001,0.0002,0.00700683,BTC-28APR24-63000-P,0.0002,64052.31,open,1714275650452,,53634.7,159.0,-96.6667,0.0002,0.0075,45.17,52.58,SYN.BTC-28APR24,64057.9318,44.61,0.0,-0.01453,-12.02959,1.36808,0.00015,-0.04584,0.0,63000.0,0.01696636489523093
BTC-28APR24-63500-P,,,0.2,0.5,64052.03,0.0004,0.0007,,91.9,0.0335,0.0001,0.0006,0.01175699,BTC-28APR24-63500-P,0.0005,64052.03,open,1714275651458,,11080.31,37.3,-94.7826,0.0002,0.0145,32.51,38.75,SYN.BTC-28APR24,64054.0135,34.99,0.0,-0.04147,-32.7667,3.02166,0.00043,-0.13086,0.0,63500.0,0.009061185388117655
BTC-28APR24-64000-P,,,20.1,3.2,64051.67,0.0017,0.0029,,161.9,0.041,0.0001,0.0009,0.01811817,BTC-28APR24-64000-P,0.0022,64051.67,open,1714275653471,,2037.99,2.3,-94.1935,0.0009,0.016,23.6,37.27,SYN.BTC-28APR24,64053.2378,29.74,0.0,-0.1423,-83.6553,5.62531,0.00094,-0.44858,0.0,64000.0,0.0012180079270918383
BTC-28APR24-64500-C,,,36.5,10.6,64051.17,0.0003,0.0011,,39.6,0.0325,0.0001,0.0007,0.00060274,BTC-28APR24-64500-C,0.0006,64051.17,open,1714275654480,,1247.53,29.8,0.0,0.0003,0.0011,25.47,39.93,SYN.BTC-28APR24,64053.3794,31.05,0.0,0.04955,-36.35304,3.42478,0.00055,0.15755,0.0,64500.0,-0.0065641325149632035
BTC-28APR24-65000-C,,,4.5,14.4,64048.61,0.0001,0.0006,,177.6,0.0275,0.0001,0.0002,0.00044376,BTC-28APR24-65000-C,0.0002,64048.61,open,1714275655486,,1161.75,58.5,-50.0,0.0001,0.0007,35.71,52.94,SYN.BTC-28APR24,64052.8779,41.17,0.0,0.01717,-13.50213,1.57282,0.00019,0.05461,0.0,65000.0,-0.014286178608873427
BTC-28APR24-65500-C,,,0.1,22.1,64047.23,0.0001,0.0005,,102.4,0.0245,0.0001,0.0001,0.00021549,BTC-28APR24-65500-C,0.0001,64047.23,open,1714275658508,,658.13,46.0,-50.0,0.0001,0.0005,50.75,69.16,SYN.BTC-28APR24,64049.8179,51.08,0.0,0.00769,-6.67346,0.81651,8e-05,0.02448,0.0,65500.0,-0.021949051354442615
BTC-28APR24-66000-C,,,0.0,27.0,64045.27,0.0,0.0005,,208.0,0.022,0.0001,0.0002,0.00014714,BTC-28APR24-66000-C,0.0,64045.27,open,1714275660521,,136.55,10.8,100.0,0.0001,0.0005,0.0,86.73,SYN.BTC-28APR24,64048.3222,58.21,0.0,0.00323,-2.87477,0.38763,3e-05,0.01026,0.0,66000.0,-0.029553650739661878
BTC-28APR24-66500-C,,,0.0,1.0,64044.83,0.0,0.0001,,18.3,0.0185,0.0001,0.0001,0.00016299,BTC-28APR24-66500-C,0.0,64044.83,open,1714275662535,,33.41,4.9,-50.0,0.0001,0.0002,0.0,78.71,SYN.BTC-28APR24,64047.3381,60.96,0.0,0.00088,-0.72603,0.12228,1e-05,0.0028,0.0,66500.0,-0.03710085637504477
BTC-28APR24-67000-C,,,0.0,1.0,64037.51,0.0,0.0001,,24.6,0.015,0.0001,0.0001,7.577e-05,BTC-28APR24-67000-C,0.0,64037.51,open,1714275664548,,13.25,2.1,0.0,0.0001,0.0001,0.0,92.04,SYN.BTC-28APR24,64045.2669,60.96,0.0,0.00014,-0.09952,0.02246,0.0,0.00044,0.0,67000.0,-0.0445915281042024
BTC-28APR24-67500-C,,,0.0,1.0,64044.93,0.0,0.0001,,15.2,0.015,0.0001,0.0001,0.00012849,BTC-28APR24-67500-C,0.0,64044.93,open,1714275669586,,6.31,1.0,0.0,0.0001,0.0001,0.0,104.94,SYN.BTC-28APR24,64046.8115,61.69,0.0,2e-05,-0.01322,0.00373,0.0,6e-05,0.0,67500.0,-0.05202650659172055
BTC-28APR24-68000-C,,,0.0,0.8,64048.91,0.0,0.0001,,15.0,0.015,0.0001,0.0001,6.423e-05,BTC-28APR24-68000-C,0.0,64048.91,open,1714275671598,,4.43,0.7,0.0,0.0001,0.0001,0.0,117.49,SYN.BTC-28APR24,64050.1179,61.7,0.0,0.0,-0.00118,0.00042,0.0,1e-05,0.0,68000.0,-0.05940661388934309
BTC-28APR24-68500-C,,,0.0,1.0,64049.78,0.0,0.0001,,11.3,0.015,0.0001,0.0001,3.021e-05,BTC-28APR24-68500-C,0.0,64049.78,open,1714275674619,,0.0,0.0,,,,0.0,129.84,SYN.BTC-28APR24,64051.2609,61.7,0.0,0.0,-8e-05,4e-05,0.0,0.0,0.0,68500.0,-0.06673265398141595
BTC-28APR24-69000-C,,,0.0,2.0,64060.87,0.0,0.0001,,12.9,0.015,0.0001,0.0001,5.519e-05,BTC-28APR24-69000-C,0.0,64060.87,open,1714275677641,,0.0,0.0,,,,0.0,141.84,SYN.BTC-28APR24,64057.048,67.69,0.0,0.0,-7e-05,3e-05,0.0,0.0,0.0,69000.0,-0.07400541331049576
BTC-28APR24-70000-C,,,0.0,8.3,64057.23,0.0,0.0001,,10.8,0.015,0.0001,0.0001,1.423e-05,BTC-28APR24-70000-C,0.0,64057.23,open,1714275679655,,0.0,0.0,,,,0.0,165.39,SYN.BTC-28APR24,64062.6503,67.69,0.0,0.0,0.0,0.0,0.0,0.0,0.0,70000.0,-0.08839415076259535
BTC-28APR24-71000-C,,,0.0,3.6,64063.16,0.0,0.0001,,4.8,0.015,0.0001,0.0001,3.26e-06,BTC-28APR24-71000-C,0.0,64063.16,open,1714275680660,,0.0,0.0,,,,0.0,188.45,SYN.BTC-28APR24,64058.3768,67.72,0.0,0.0,0.0,0.0,0.0,0.0,0.0,71000.0,-0.10257878575455183
BTC-28APR24-72000-C,,,0.0,2.9,64069.95,0.0,0.0001,,8.0,0.015,0.0001,0.0001,7.7e-07,BTC-28APR24-72000-C,0.0,64069.95,open,1714275682675,,1.9,0.3,0.0,0.0001,0.0001,0.0,210.6,SYN.BTC-28APR24,64064.76,68.33,0.0,0.0,0.0,0.0,0.0,0.0,0.0,72000.0,-0.1165650277292916
BTC-28APR24-73000-C,,,0.0,1.1,64069.77,0.0,0.0001,,1.5,0.015,0.0001,0.0001,1.9e-07,BTC-28APR24-73000-C,0.0,64069.77,open,1714275683683,,0.0,0.0,,,,0.0,232.26,SYN.BTC-28APR24,64068.0007,69.24,0.0,0.0,0.0,0.0,0.0,0.0,0.0,73000.0,-0.13035834986162742
BTC-28APR24-74000-C,,,0.0,1.3,64071.18,0.0,0.0001,,0.1,0.015,0.0001,0.0001,3e-08,BTC-28APR24-74000-C,0.0,64071.18,open,1714275685696,,0.0,0.0,,,,0.0,253.38,SYN.BTC-28APR24,64071.5968,69.24,0.0,0.0,0.0,0.0,0.0,0.0,0.0,74000.0,-0.1439640019174061
BTC-28APR24-75000-C,,,0.0,1.3,64070.89,0.0,0.0001,,0.0,0.015,0.0001,,0.0,BTC-28APR24-75000-C,0.0,64070.89,open,1714275687710,,0.0,0.0,,,,0.0,274.07,SYN.BTC-28APR24,64073.0117,69.24,0.0,0.0,0.0,0.0,0.0,0.0,0.0,75000.0,-0.15738702224954682
BTC-29APR24-56000-P,,,0.0,0.2,64073.94,0.0,0.0002,,6.6,0.0155,0.0001,0.0001,0.00032312,BTC-29APR24-56000-P,0.0001,64073.94,open,1714275688717,,81.1,6.8,-50.0,0.0001,0.0003,0.0,103.07,SYN.BTC-29APR24,64083.3934,95.81,0.0,-0.013,-7.05416,0.63449,0.0,-0.00616,1.0,56000.0,0.1347494005516144
BTC-29APR24-57000-P,,,0.0,6.0,64074.93,0.0,0.0005,,102.3,0.0165,0.0001,0.0001,0.00047057,BTC-29APR24-57000-P,0.0001,64074.93,open,1714275690731,,207.58,11.9,-66.6667,0.0001,0.0005,0.0,104.1,SYN.BTC-29APR24,64086.0642,87.24,0.0,-0.01788,-9.12307,0.84117,1e-05,-0.00849,1.0,57000.0,0.11704982345221354
BTC-29APR24-58000-P,,,4.6,16.2,64072.72,0.0002,0.0005,,112.1,0.02,0.0001,0.0002,0.00071941,BTC-29APR24-58000-P,0.0003,64072.72,open,1714275693752,,456.06,15.4,-66.6667,0.0002,0.0006,79.23,90.89,SYN.BTC-29APR24,64086.6239,84.08,0.0,-0.03653,-19.46901,1.56207,1e-05,-0.01734,1.0,58000.0,0.09965808074034431
BTC-29APR24-59000-P,,,7.8,0.8,64072.64,0.0002,0.0004,,79.0,0.0195,0.0001,0.0003,0.00094323,BTC-29APR24-59000-P,0.0003,64072.64,open,1714275695767,,880.87,23.6,-62.5,0.0003,0.0008,67.29,74.76,SYN.BTC-29APR24,64084.8711,71.55,0.0,-0.0421,-19.43579,1.76592,2e-05,-0.02003,1.0,59000.0,0.0825636473810442
BTC-29APR24-60000-P,,,11.8,10.5,64073.47,0.0003,0.0006,,165.2,0.021,0.0001,0.0003,0.00134788,BTC-29APR24-60000-P,0.0004,64073.47,open,1714275696772,,3905.69,52.0,-78.5714,0.0003,0.0014,58.9,66.45,SYN.BTC-29APR24,64085.131,61.96,0.0,-0.06196,-26.06626,2.44551,3e-05,-0.02952,1.0,60000.0,0.06575652906466302
BTC-29APR24-60500-P,,,1.0,2.4,64046.83,0.0004,0.0006,,6.6,0.0215,0.0001,0.0004,0.00191864,BTC-29APR24-60500-P,0.0004,64046.83,open,1714275699795,,440.59,7.1,-80.0,0.0004,0.002,55.25,59.55,SYN.BTC-29APR24,64085.6457,56.42,0.0,-0.07347,-28.83382,2.81693,4e-05,-0.03504,1.0,60500.0,0.057457726249967866
BTC-29APR24-61000-P,,,3.2,3.2,64046.61,0.0004,0.0007,,44.5,0.0225,0.0001,0.001,0.0026321,BTC-29APR24-61000-P,0.0005,64046.61,open,1714275701809,,590.48,5.3,-56.5217,0.001,0.0026,48.3,53.91,SYN.BTC-29APR24,64058.8052,51.24,0.0,-0.09445,-34.96392,3.45695,5e-05,-0.04509,1.0,61000.0,0.04922722711345241
BTC-29APR24-61500-P,,,15.0,14.4,64044.06,0.0005,0.0009,,38.8,0.024,0.0001,0.0008,0.00364062,BTC-29APR24-61500-P,0.0007,64044.06,open,1714275703823,,1892.59,15.3,-77.7778,0.0007,0.0042,43.47,49.41,SYN.BTC-29APR24,64058.5281,46.41,0.0,-0.12471,-43.74588,4.31349,7e-05,-0.05958,1.0,61500.0,0.041063916474291355
BTC-29APR24-62000-P,,,12.2,10.3,64042.01,0.0008,0.0012,,125.8,0.0265,0.0001,0.0011,0.00519776,BTC-29APR24-62000-P,0.001,64042.01,open,1714275705838,,8928.52,37.3,-75.0,0.0008,0.005,40.51,44.93,SYN.BTC-29APR24,64055.9392,42.81,0.0,-0.18431,-64.00406,5.81762,0.0001,-0.08807,1.0,62000.0,0.03296670624167212
BTC-29APR24-62500-P,,,10.0,6.9,64042.53,0.0013,0.0017,,41.9,0.03,0.0001,0.0028,0.00745736,BTC-29APR24-62500-P,0.0015,64042.53,open,1714275706843,,4011.69,15.0,-65.0,0.0027,0.008,37.5,40.79,SYN.BTC-29APR24,64054.8976,39.35,0.0,-0.27946,-97.35738,7.84544,0.00015,-0.13353,1.0,62500.0,0.024934534544407774
BTC-29APR24-63000-P,,,10.5,1.3,64041.98,0.0022,0.0027,,82.0,0.034,0.0001,0.0025,0.01062176,BTC-29APR24-63000-P,0.0025,64041.98,open,1714275708857,,11632.23,19.5,-73.6842,0.0025,0.0115,34.8,37.87,SYN.BTC-29APR24,64054.2427,36.71,0.0,-0.44012,-160.63293,10.49795,0.00022,-0.21018,1.0,63000.0,0.01696636489523093
BTC-29APR24-63500-P,,,0.3,3.1,64042.16,0.0041,0.0048,,13.0,0.0395,0.0001,0.005,0.01495674,BTC-29APR24-63500-P,0.0045,64042.16,open,1714275710873,,3279.06,6.9,-61.5385,0.005,0.013,33.92,37.32,SYN.BTC-29APR24,64053.6083,35.87,0.0,-0.69519,-200.91379,13.20787,0.00028,-0.33145,1.0,63500.0,0.009061185388117655
BTC-29APR24-64000-P,,,0.3,2.0,64041.74,0.0075,0.008,,19.2,0.046,0.0001,0.007,0.02056425,BTC-29APR24-64000-P,0.0078,64041.74,open,1714275713894,,1215.44,1.3,-58.8235,0.007,0.017,34.93,37.14,SYN.BTC-29APR24,64054.2673,36.43,0.0,-1.00857,-224.07054,14.50535,0.0003,-0.47955,1.0,64000.0,0.0012180079270918383
BTC-29APR24-64500-C,,,2.7,38.2,64039.23,0.0055,0.0065,,60.8,0.0395,0.0001,0.006,0.00233963,BTC-29APR24-64500-C,0.0058,64039.23,open,1714275715908,,3853.62,25.4,160.8696,0.0014,0.006,37.53,42.13,SYN.BTC-29APR24,64053.1652,38.91,0.0,0.77606,-228.85585,13.87133,0.00027,0.38084,1.0,64500.0,-0.0065641325149632035
BTC-29APR24-65000-C,,,1.0,5.1,64039.62,0.0038,0.0043,,68.9,0.0355,0.0001,0.0043,0.00142533,BTC-29APR24-65000-C,0.0039,64039.62,open,1714275716916,,6506.33,52.5,115.0,0.0008,0.0043,41.18,43.82,SYN.BTC-29APR24,64051.7501,41.6,0.0,0.55278,-212.72776,12.06015,0.00022,0.27102,1.0,65000.0,-0.014286178608873427
BTC-29APR24-65500-C,,,3.0,4.5,64038.82,0.0024,0.003,,7.3,0.032,0.0001,0.0023,0.00089343,BTC-29APR24-65500-C,0.0026,64038.82,open,1714275718928,,204.17,3.3,187.5,0.0007,0.0023,42.91,46.76,SYN.BTC-29APR24,64050.9857,44.23,0.0,0.38806,-166.53898,9.88356,0.00017,0.19014,1.0,65500.0,-0.021949051354442615
BTC-29APR24-66000-C,,,3.0,0.3,64039.67,0.0015,0.002,,105.4,0.029,0.0001,0.002,0.0006041,BTC-29APR24-66000-C,0.0017,64039.67,open,1714275720949,,3680.03,77.1,300.0,0.0005,0.002,44.65,48.76,SYN.BTC-29APR24,64050.1036,46.65,0.0,0.26919,-111.20598,7.77601,0.00013,0.13183,1.0,66000.0,-0.029553650739661878
BTC-29APR24-66500-C,,,1.1,3.0,64040.22,0.001,0.0014,,67.2,0.026,0.0001,0.001,0.00039057,BTC-29APR24-66500-C,0.0011,64040.22,open,1714275722961,,635.16,18.4,233.3333,0.0002,0.0011,47.12,51.38,SYN.BTC-29APR24,64051.9567,48.46,0.0,0.18148,-71.64837,5.85429,9e-05,0.08882,1.0,66500.0,-0.03710085637504477
BTC-29APR24-67000-C,,,1.9,1.0,64040.81,0.0006,0.0009,,34.6,0.0235,0.0001,0.0008,0.00027294,BTC-29APR24-67000-C,0.0007,64040.81,open,1714275725635,,386.74,17.4,166.6667,0.0002,0.0008,48.4,52.8,SYN.BTC-29APR24,64051.2223,50.62,0.0,0.1238,-47.61918,4.36916,7e-05,0.06057,1.0,67000.0,-0.0445915281042024
BTC-29APR24-67500-C,,,0.3,1.1,64043.02,0.0004,0.0006,,52.0,0.0215,0.0001,0.0004,0.00015605,BTC-29APR24-67500-C,0.0005,64043.02,open,1714275727995,,185.62,13.3,300.0,0.0001,0.0005,50.65,54.64,SYN.BTC-29APR24,64052.2461,52.23,0.0,0.08172,-30.3459,3.13503,5e-05,0.03996,1.0,67500.0,-0.05202650659172055
BTC-29APR24-68000-C,,,34.0,1.0,64047.52,0.0002,0.0005,,15.0,0.0195,0.0001,0.0004,0.00010967,BTC-29APR24-68000-C,0.0003,64047.52,open,1714275730016,,192.06,8.0,33.3333,0.0003,0.0005,50.48,58.68,SYN.BTC-29APR24,64054.0228,54.92,0.0,0.05879,-21.898,2.3915,3e-05,0.02875,1.0,68000.0,-0.05940661388934309
BTC-29APR24-68500-C,,,36.1,2.8,64053.67,0.0001,0.0003,,21.0,0.0175,0.0001,0.0002,5.745e-05,BTC-29APR24-68500-C,0.0002,64053.67,open,1714275734037,,92.95,6.9,100.0,0.0001,0.0003,50.58,59.09,SYN.BTC-29APR24,64063.8345,55.79,0.0,0.03694,-13.15768,1.61605,2e-05,0.01805,1.0,68500.0,-0.06673265398141595
BTC-29APR24-69000-C,,,1.7,0.3,64050.66,0.0001,0.0002,,5.8,0.017,0.0001,0.0001,0.00012271,BTC-29APR24-69000-C,0.0002,64050.66,open,1714275736052,,64.69,5.7,-50.0,0.0001,0.0004,55.33,60.67,SYN.BTC-29APR24,64064.2034,59.45,0.0,0.02996,-11.09271,1.35114,2e-05,0.01465,1.0,69000.0,-0.07400541331049576
BTC-29APR24-70000-C,,,0.0,0.1,64045.35,0.0,0.0002,,6.9,0.0165,0.0001,0.0002,9.467e-05,BTC-29APR24-70000-C,0.0002,64045.35,open,1714275739073,,55.73,4.9,100.0,0.0001,0.0002,0.0,70.64,SYN.BTC-29APR24,64059.2803,68.28,0.0,0.02397,-9.93841,1.11543,1e-05,0.01174,1.0,70000.0,-0.08839415076259535
BTC-29APR24-71000-C,,,0.0,1.0,64048.61,0.0,0.0001,,3.5,0.015,0.0001,0.0001,4.605e-05,BTC-29APR24-71000-C,0.0001,64048.61,open,1714275745119,,6.95,1.1,0.0,0.0001,0.0001,0.0,73.59,SYN.BTC-29APR24,64059.4994,68.29,0.0,0.00871,-3.26059,0.45616,1e-05,0.00426,1.0,71000.0,-0.10257878575455183
BTC-29APR24-72000-C,,,0.0,1.1,64055.27,0.0,0.0001,,2.0,0.015,0.0001,0.0001,1.567e-05,BTC-29APR24-72000-C,0.0,64055.27,open,1714275748139,,6.96,1.1,0.0,0.0001,0.0001,0.0,82.26,SYN.BTC-29APR24,64064.3303,68.29,0.0,0.00286,-0.97667,0.16663,0.0,0.0014,1.0,72000.0,-0.1165650277292916
BTC-29APR24-73000-C,,,0.0,1.1,64052.89,0.0,0.0001,,0.1,0.015,0.0001,0.0003,4.96e-06,BTC-29APR24-73000-C,0.0,64052.89,open,1714275751161,,0.0,0.0,,,,0.0,90.76,SYN.BTC-29APR24,64065.5029,68.29,0.0,0.00084,-0.26478,0.05396,0.0,0.00041,1.0,73000.0,-0.13035834986162742
BTC-29APR24-74000-C,,,0.0,1.1,64054.31,0.0,0.0001,,0.1,0.015,0.0001,0.0003,1.47e-06,BTC-29APR24-74000-C,0.0,64054.31,open,1714275753175,,0.0,0.0,,,,0.0,99.05,SYN.BTC-29APR24,64065.1433,68.29,0.0,0.00022,-0.06494,0.01569,0.0,0.00011,1.0,74000.0,-0.1439640019174061
BTC-29APR24-75000-C,,,0.0,1.3,64051.57,0.0,0.0001,,0.0,0.015,0.0001,,4e-07,BTC-29APR24-75000-C,0.0,64051.57,open,1714275755195,,0.0,0.0,,,,0.0,107.16,SYN.BTC-29APR24,64063.8259,68.29,0.0,5e-05,-0.01458,0.00411,0.0,3e-05,1.0,75000.0,-0.15738702224954682
BTC-30APR24-56000-P,,,3.0,2.1,64053.56,0.0004,0.0005,,28.3,0.019,0.0001,0.0006,,BTC-30APR24-56000-P,0.0004,64053.56,open,1714275762238,,1264.59,28.3,20.0,0.0005,0.001,83.39,86.26,SYN.BTC-30APR24,64072.9837,84.83,0.0,-0.07211,-28.71486,2.23366,1e-05,-0.01841,2.0,56000.0,0.1347494005516144
BTC-30APR24-57000-P,,,4.2,0.5,64051.23,0.0005,0.0007,,10.9,0.021,0.0001,0.0012,,BTC-30APR24-57000-P,0.0006,64051.23,open,1714275764252,,606.01,11.3,100.0,0.0006,0.0014,76.51,80.89,SYN.BTC-30APR24,64074.6025,79.52,0.0,-0.10373,-40.5665,3.03681,2e-05,-0.02649,2.0,57000.0,0.11704982345221354
BTC-30APR24-58000-P,,,5.5,1.6,64051.36,0.0006,0.0009,,42.1,0.022,0.0001,0.0012,,BTC-30APR24-58000-P,0.0008,64051.36,open,1714275765259,,3646.77,42.4,20.0,0.001,0.0015,68.83,74.04,SYN.BTC-30APR24,64072.7151,72.22,0.0,-0.13667,-50.45238,3.82058,2e-05,-0.03495,2.0,58000.0,0.09965808074034431
BTC-30APR24-59000-P,,,0.5,1.1,64050.93,0.0008,0.0011,,4.5,0.0235,0.0001,0.001,,BTC-30APR24-59000-P,0.001,64050.93,open,1714275767274,,497.6,4.5,-28.5714,0.001,0.0022,62.06,66.12,SYN.BTC-30APR24,64072.9971,64.53,0.0,-0.18166,-62.55339,4.8196,3e-05,-0.04653,2.0,59000.0,0.0825636473810442
BTC-30APR24-60000-P,,,21.6,1.0,64051.95,0.0011,0.0015,,7.5,0.0255,0.0001,0.0014,,BTC-30APR24-60000-P,0.0014,64051.95,open,1714275769288,,1252.52,8.0,-46.1538,0.0014,0.0032,55.15,59.2,SYN.BTC-30APR24,64071.3876,57.85,0.0,-0.26501,-86.24033,6.49491,5e-05,-0.06794,2.0,60000.0,0.06575652906466302
BTC-30APR24-60500-P,,,22.6,3.0,64051.86,0.0014,0.0019,,5.4,0.0275,0.0001,0.0019,,BTC-30APR24-60500-P,0.0017,64051.86,open,1714275770296,,1104.9,6.1,-45.7143,0.0017,0.0039,52.5,56.71,SYN.BTC-30APR24,64072.2373,54.94,0.0,-0.33104,-97.0213,7.69478,6e-05,-0.08489,2.0,60500.0,0.057457726249967866
BTC-30APR24-61000-P,,,1.2,8.0,64051.99,0.0019,0.0024,,9.8,0.0295,0.0001,0.0019,,BTC-30APR24-61000-P,0.0021,64051.99,open,1714275772311,,2838.38,10.0,-58.6957,0.0018,0.0055,50.61,54.09,SYN.BTC-30APR24,64073.6867,52.31,0.0,-0.42154,-110.34642,9.19147,7e-05,-0.10809,2.0,61000.0,0.04922722711345241
BTC-30APR24-61500-P,,,2.5,7.8,64051.6,0.0025,0.0031,,9.2,0.032,0.0001,0.0027,,BTC-30APR24-61500-P,0.0028,64051.6,open,1714275774323,,3331.14,9.4,-50.9091,0.0027,0.0065,48.2,51.7,SYN.BTC-30APR24,64073.0123,49.87,0.0,-0.54362,-125.7196,10.98411,9e-05,-0.13938,2.0,61500.0,0.041063916474291355
BTC-30APR24-62000-P,,,2.6,6.7,64052.54,0.0035,0.004,,36.5,0.035,0.0001,0.0032,,BTC-30APR24-62000-P,0.0037,64052.54,open,1714275776337,,17946.3,40.7,-60.0,0.0032,0.0095,46.77,49.22,SYN.BTC-30APR24,64074.0569,47.77,0.0,-0.70785,-143.10476,13.052,0.00011,-0.18139,2.0,62000.0,0.03296670624167212
BTC-30APR24-62500-P,,,13.0,28.8,64053.29,0.0046,0.0055,,18.2,0.0385,0.0001,0.0049,,BTC-30APR24-62500-P,0.005,64053.29,open,1714275777344,,11296.98,21.0,-57.3913,0.0043,0.0115,44.24,48.02,SYN.BTC-30APR24,64074.1547,46.15,0.0,-0.92614,-161.91239,15.28742,0.00014,-0.23713,2.0,62500.0,0.024934534544407774
BTC-30APR24-63000-P,,,12.5,39.6,64051.88,0.0065,0.0075,,8.5,0.043,0.0001,0.007,,BTC-30APR24-63000-P,0.007,64051.88,open,1714275780366,,5461.7,9.8,-46.1538,0.006,0.0145,43.28,46.96,SYN.BTC-30APR24,64073.9519,45.02,0.0,-1.20197,-179.7564,17.39761,0.00016,-0.30734,2.0,63000.0,0.01696636489523093
BTC-30APR24-63500-P,,,0.4,13.3,64052.96,0.0095,0.01,,7.3,0.048,0.0001,0.009,,BTC-30APR24-63500-P,0.0096,64052.96,open,1714275782380,,5837.55,7.5,-45.4545,0.009,0.017,44.02,45.7,SYN.BTC-30APR24,64073.3934,44.22,0.0,-1.52664,-192.69714,18.98738,0.00018,-0.38965,2.0,63500.0,0.009061185388117655
BTC-30APR24-64000-P,,,4.1,12.0,64052.71,0.0125,0.0135,,0.0,0.0535,0.0001,,,BTC-30APR24-64000-P,0.013,64052.71,open,1714275783386,,0.0,0.0,,,,42.42,45.66,SYN.BTC-30APR24,64073.3891,43.94,0.0,-1.88431,-198.88455,19.72234,0.00018,-0.47977,2.0,64000.0,0.0012180079270918383
BTC-30APR24-64500-C,,,3.2,75.1,64052.04,0.0105,0.0115,,9.3,0.047,0.0001,0.0105,,BTC-30APR24-64500-C,0.0108,64052.04,open,1714275789429,,4838.27,10.4,128.2609,0.0044,0.0105,43.89,47.19,SYN.BTC-30APR24,64073.0083,44.97,0.0,1.6068,-200.74943,19.4515,0.00018,0.431,2.0,64500.0,-0.0065641325149632035
BTC-30APR24-65000-C,,,1.8,20.2,64051.4,0.008,0.0085,,27.5,0.043,0.0001,0.008,,BTC-30APR24-65000-C,0.0081,64051.4,open,1714275791442,,10907.1,32.1,105.1282,0.0028,0.008,45.31,47.05,SYN.BTC-30APR24,64073.3298,45.81,0.0,1.30346,-192.56719,18.31549,0.00016,0.34899,2.0,65000.0,-0.014286178608873427
BTC-30APR24-65500-C,,,2.1,25.9,64047.77,0.006,0.0065,,8.8,0.039,0.0001,0.0046,,BTC-30APR24-65500-C,0.0061,64047.77,open,1714275794464,,1797.73,8.9,109.0909,0.002,0.0046,46.55,48.47,SYN.BTC-30APR24,64070.895,47.03,0.0,1.03938,-179.20011,16.60212,0.00014,0.27793,2.0,65500.0,-0.021949051354442615
BTC-30APR24-66000-C,,,5.1,6.3,64049.04,0.0043,0.0049,,44.6,0.0355,0.0001,0.0049,,BTC-30APR24-66000-C,0.0046,64049.04,open,1714275798494,,6485.15,45.6,276.9231,0.0013,0.0049,47.02,49.66,SYN.BTC-30APR24,64069.718,48.17,0.0,0.81604,-161.15233,14.57755,0.00012,0.21796,2.0,66000.0,-0.029553650739661878
BTC-30APR24-66500-C,,,4.1,6.0,64049.77,0.0033,0.0038,,3.5,0.033,0.0001,0.0035,,BTC-30APR24-66500-C,0.0035,64049.77,open,1714275800508,,518.94,3.5,288.8889,0.0009,0.0035,48.92,51.44,SYN.BTC-30APR24,64070.1404,49.94,0.0,0.64506,-144.74396,12.62847,0.0001,0.17219,2.0,66500.0,-0.03710085637504477
BTC-30APR24-67000-C,,,4.1,12.8,64049.77,0.0025,0.0031,,9.9,0.0305,0.0001,0.0027,,BTC-30APR24-67000-C,0.0027,64049.77,open,1714275800507,,1133.53,10.0,170.0,0.0008,0.0027,50.52,54.04,SYN.BTC-30APR24,64070.1404,51.92,0.0,0.51279,-129.25905,10.84655,9e-05,0.13683,2.0,67000.0,-0.0445915281042024
BTC-30APR24-68000-C,,,3.9,11.8,64050.63,0.0015,0.002,,41.8,0.027,0.0001,0.0016,,BTC-30APR24-68000-C,0.0017,64050.63,open,1714275804537,,2665.15,43.3,220.0,0.0005,0.0019,54.13,58.17,SYN.BTC-30APR24,64070.9718,55.84,0.0,0.32705,-100.65076,7.85308,6e-05,0.08723,2.0,68000.0,-0.05940661388934309
BTC-30APR24-69000-C,,,13.6,0.1,64051.22,0.0009,0.0011,,6.7,0.0235,0.0001,0.001,,BTC-30APR24-69000-C,0.0011,64051.22,open,1714275806551,,208.67,6.7,400.0,0.0002,0.001,57.36,59.75,SYN.BTC-30APR24,64072.4069,59.2,0.0,0.20672,-67.38229,5.51496,4e-05,0.05511,2.0,69000.0,-0.07400541331049576
BTC-30APR24-70000-C,,,1.1,0.5,64058.2,0.0006,0.0008,,2.1,0.0205,0.0001,0.0004,,BTC-30APR24-70000-C,0.0007,64058.2,open,1714275808564,,69.37,2.1,100.0,0.0002,0.0008,61.4,64.63,SYN.BTC-30APR24,64074.1093,62.51,0.0,0.13258,-42.59567,3.85487,3e-05,0.03533,2.0,70000.0,-0.08839415076259535
BTC-30APR24-71000-C,,,26.9,3.5,64058.47,0.0003,0.0006,,0.3,0.0185,0.0001,0.0003,,BTC-30APR24-71000-C,0.0004,64058.47,open,1714275809604,,8.82,0.4,-25.0,0.0002,0.0005,62.27,69.34,SYN.BTC-30APR24,64079.699,65.6,0.0,0.08575,-27.23703,2.68244,2e-05,0.02285,2.0,71000.0,-0.10257878575455183
BTC-30APR24-72000-C,,,4.4,5.0,64056.1,0.0002,0.0004,,7.1,0.0165,0.0001,0.0002,,BTC-30APR24-72000-C,0.0003,64056.1,open,1714275811586,,123.6,7.1,-50.0,0.0002,0.0004,65.75,72.38,SYN.BTC-30APR24,64079.1367,68.69,0.0,0.05629,-17.79682,1.87439,1e-05,0.015,2.0,72000.0,-0.1165650277292916
BTC-30APR24-73000-C,,,12.6,0.3,64056.74,0.0001,0.0002,,9.2,0.015,0.0001,0.0001,,BTC-30APR24-73000-C,0.0002,64056.74,open,1714275813599,,150.5,9.2,-50.0,0.0001,0.0003,66.67,72.42,SYN.BTC-30APR24,64078.3444,71.37,0.0,0.03648,-11.40183,1.28669,1e-05,0.00972,2.0,73000.0,-0.13035834986162742
BTC-3MAY24-50000-P,,,4.4,16.2,64056.77,0.0005,0.0006,,704.9,0.0165,0.0001,0.0005,0.0006153,BTC-3MAY24-50000-P,0.0006,64056.77,open,1714275814605,,2192.43,48.3,-16.6667,0.0005,0.0009,95.2,97.68,BTC-3MAY24,64108.08,96.51,0.0,-0.12523,-24.16791,2.59318,0.0,-0.01322,5.0,50000.0,0.24807808585861763
BTC-3MAY24-52000-P,,,0.5,8.8,64057.12,0.0006,0.0007,,505.6,0.0165,0.0001,0.0009,0.0009571,BTC-3MAY24-52000-P,0.0006,64057.12,open,1714275816619,,2335.91,36.0,-18.1818,0.0009,0.0012,84.11,86.09,BTC-3MAY24,64108.47,84.33,0.0,-0.15475,-25.42812,3.12255,1e-05,-0.01641,5.0,52000.0,0.20885737270533622
BTC-3MAY24-54000-P,,,1.2,6.7,64056.88,0.0008,0.001,,333.0,0.0185,0.0001,0.0008,0.00158926,BTC-3MAY24-54000-P,0.0009,64056.88,open,1714275822663,,1781.08,22.4,-38.4615,0.0008,0.0013,74.14,76.97,BTC-3MAY24,64107.75,75.24,0.0,-0.23559,-32.45885,4.46728,1e-05,-0.02503,5.0,54000.0,0.17111704472248931
BTC-3MAY24-56000-P,,,12.7,5.6,64069.1,0.0013,0.0017,,452.2,0.023,0.0001,0.0013,0.00288348,BTC-3MAY24-56000-P,0.0015,64069.1,open,1714275824891,,950.13,7.0,-55.1724,0.0013,0.0029,66.22,69.85,BTC-3MAY24,64108.59,68.26,0.0,-0.41581,-47.02935,7.13427,2e-05,-0.0442,5.0,56000.0,0.1347494005516144
BTC-3MAY24-57000-P,,,9.5,2.3,64073.74,0.0018,0.0021,,334.8,0.025,0.0001,0.0023,0.00384041,BTC-3MAY24-57000-P,0.002,64073.74,open,1714275825683,,1263.33,6.3,-39.4737,0.0023,0.0038,63.25,65.43,BTC-3MAY24,64121.14,64.48,0.0,-0.54586,-55.18898,8.86409,2e-05,-0.05804,5.0,57000.0,0.11704982345221354
BTC-3MAY24-58000-P,,,16.2,4.7,64075.24,0.0025,0.0029,,514.8,0.0285,0.0001,0.0034,0.00520758,BTC-3MAY24-58000-P,0.0027,64075.24,open,1714275828069,,16930.36,52.5,-27.6596,0.0034,0.0055,60.21,62.49,BTC-3MAY24,64125.43,61.58,0.0,-0.75209,-67.48542,11.3481,3e-05,-0.07994,5.0,58000.0,0.09965808074034431
BTC-3MAY24-59000-P,,,1.0,0.6,64071.17,0.0036,0.004,,2008.5,0.032,0.0001,0.0042,0.00703176,BTC-3MAY24-59000-P,0.0038,64071.17,open,1714275829744,,11219.69,31.8,-30.0,0.0042,0.007,57.69,59.48,BTC-3MAY24,64127.42,58.79,0.0,-1.03786,-81.65972,14.38485,4e-05,-0.11025,5.0,59000.0,0.0825636473810442
BTC-3MAY24-60000-P,,,36.9,65.6,64064.21,0.005,0.006,,1422.5,0.0365,0.0001,0.005,0.0095106,BTC-3MAY24-60000-P,0.0054,64064.21,open,1714275830717,,74705.77,148.0,-41.1765,0.0049,0.0095,54.52,58.08,BTC-3MAY24,64123.53,56.17,0.0,-1.43417,-97.52843,17.98118,5e-05,-0.15221,5.0,60000.0,0.06575652906466302
BTC-3MAY24-61000-P,,,4.5,1.8,64066.19,0.0075,0.008,,344.0,0.0425,0.0001,0.008,0.01306958,BTC-3MAY24-61000-P,0.0078,64066.19,open,1714275833739,,9639.85,12.9,-33.3333,0.008,0.013,52.91,54.37,BTC-3MAY24,64118.92,53.81,0.0,-1.97162,-114.03944,21.9449,7e-05,-0.20896,5.0,61000.0,0.04922722711345241
BTC-3MAY24-62000-P,,,0.6,62.1,64065.75,0.011,0.012,,292.8,0.0495,0.0001,0.0135,0.01813296,BTC-3MAY24-62000-P,0.0113,64065.75,open,1714275834745,,46554.06,42.9,-22.8571,0.0135,0.0185,51.34,53.82,BTC-3MAY24,64118.49,52.12,0.0,-2.68211,-130.17534,25.86435,9e-05,-0.28357,5.0,62000.0,0.03296670624167212
BTC-3MAY24-63000-P,,,0.4,31.9,64066.23,0.016,0.017,,253.9,0.058,0.0008,0.0165,0.02491408,BTC-3MAY24-63000-P,0.0164,64066.23,open,1714275836760,,26895.9,18.7,-29.7872,0.0155,0.026,50.34,52.55,BTC-3MAY24,64118.09,51.13,0.0,-3.55717,-142.93362,28.95148,0.0001,-0.37473,5.0,63000.0,0.01696636489523093
BTC-3MAY24-64000-P,,,34.7,16.2,64068.07,0.0225,0.024,,325.6,0.068,0.0021,0.0245,0.03368354,BTC-3MAY24-64000-P,0.0232,64068.07,open,1714275840787,,38937.64,21.2,-24.6154,0.0245,0.035,49.37,52.53,BTC-3MAY24,64121.28,50.94,0.0,-4.53629,-149.59619,30.40991,0.0001,-0.47546,5.0,64000.0,0.0012180079270918383
BTC-3MAY24-65000-C,,,50.8,1.8,64065.08,0.0175,0.0185,,339.8,0.058,0.001,0.018,0.01224883,BTC-3MAY24-65000-C,0.0182,64065.08,open,1714275842923,,37891.66,50.3,38.4615,0.0105,0.0195,49.64,51.79,BTC-3MAY24,64117.96,51.2,0.0,3.68409,-147.84768,29.90071,0.0001,0.42327,5.0,65000.0,-0.014286178608873427
BTC-3MAY24-66000-C,,,78.3,0.3,64066.94,0.0125,0.0135,,485.2,0.051,0.0001,0.0145,0.00828536,BTC-3MAY24-66000-C,0.0133,64066.94,open,1714275845155,,10287.57,17.6,61.1111,0.0065,0.0145,50.67,52.99,BTC-3MAY24,64117.34,52.51,0.0,2.90841,-140.74143,27.75754,9e-05,0.33305,5.0,66000.0,-0.029553650739661878
BTC-3MAY24-67000-C,,,77.4,0.6,64066.63,0.009,0.01,,676.7,0.045,0.0001,0.0095,0.00563718,BTC-3MAY24-67000-C,0.0098,64066.63,open,1714275847298,,12027.16,30.8,58.3333,0.0046,0.011,52.27,54.88,BTC-3MAY24,64119.11,54.24,0.0,2.26237,-129.34916,24.69617,8e-05,0.25848,5.0,67000.0,-0.0445915281042024
BTC-3MAY24-68000-C,,,126.1,11.8,64066.17,0.0065,0.0075,,1161.8,0.0405,0.0001,0.0065,0.00384705,BTC-3MAY24-68000-C,0.0073,64066.17,open,1714275848844,,245037.4,710.0,58.5366,0.003,0.0065,54.05,57.08,BTC-3MAY24,64119.15,56.39,0.0,1.75354,-116.43609,21.38368,7e-05,0.20005,5.0,68000.0,-0.05940661388934309
BTC-3MAY24-69000-C,,,23.3,55.1,64065.99,0.005,0.006,,762.0,0.0365,0.0001,0.0045,0.00271521,BTC-3MAY24-69000-C,0.0055,64065.99,open,1714275850860,,14211.18,58.5,45.1613,0.0023,0.005,56.94,60.46,BTC-3MAY24,64118.45,58.67,0.0,1.36036,-103.12485,18.20098,5e-05,0.15505,5.0,69000.0,-0.07400541331049576
BTC-3MAY24-70000-C,,,9.6,10.0,64065.95,0.0039,0.0043,,1382.8,0.033,0.0001,0.0034,0.00202577,BTC-3MAY24-70000-C,0.0041,64065.95,open,1714275852873,,18704.14,93.8,70.0,0.0015,0.0038,59.78,61.47,BTC-3MAY24,64118.49,60.73,0.0,1.05009,-89.36812,15.2383,4e-05,0.11957,5.0,70000.0,-0.08839415076259535
BTC-3MAY24-71000-C,,,31.2,12.9,64058.91,0.0029,0.0035,,499.3,0.0305,0.0001,0.0028,0.00155757,BTC-3MAY24-71000-C,0.0032,64058.91,open,1714275858889,,460.65,3.9,86.6667,0.0011,0.0028,61.68,64.69,BTC-3MAY24,64110.9,63.42,0.0,0.83014,-78.74628,12.85785,3e-05,0.09452,5.0,71000.0,-0.10257878575455183
BTC-3MAY24-72000-C,,,29.0,9.5,64042.54,0.0022,0.0028,,631.6,0.028,0.0001,0.0025,0.00124063,BTC-3MAY24-72000-C,0.0026,64042.54,open,1714275860929,,1137.71,8.9,127.2727,0.001,0.0025,63.8,67.41,BTC-3MAY24,64095.68,65.91,0.0,0.65542,-68.51468,10.76524,3e-05,0.07463,5.0,72000.0,-0.1165650277292916
BTC-3MAY24-73000-C,,,26.6,9.1,64041.66,0.0017,0.0022,,586.8,0.026,0.0001,0.0019,0.00107764,BTC-3MAY24-73000-C,0.002,64041.66,open,1714275862943,,721.67,8.7,90.0,0.001,0.002,65.94,69.56,BTC-3MAY24,64092.6,68.29,0.0,0.52227,-59.54063,9.02923,2e-05,0.05946,5.0,73000.0,-0.13035834986162742
BTC-3MAY24-74000-C,,,1.8,9.5,64041.32,0.0014,0.0018,,378.0,0.024,0.0001,0.0014,0.00081257,BTC-3MAY24-74000-C,0.0016,64041.32,open,1714275863951,,605.47,9.4,40.0,0.001,0.0017,68.72,72.13,BTC-3MAY24,64092.1,70.25,0.0,0.41166,-50.69815,7.47365,2e-05,0.04685,5.0,74000.0,-0.1439640019174061
BTC-3MAY24-75000-C,,,17.2,101.5,64040.09,0.001,0.0014,,584.7,0.022,0.0001,0.0011,0.00064227,BTC-3MAY24-75000-C,0.0012,64040.09,open,1714275866558,,474.0,7.9,37.5,0.0005,0.0013,69.59,73.83,BTC-3MAY24,64091.34,71.76,0.0,0.31857,-42.05462,6.06842,1e-05,0.03623,5.0,75000.0,-0.15738702224954682
BTC-3MAY24-76000-C,,,12.2,0.1,64044.3,0.0008,0.001,,429.1,0.0205,0.0001,0.0009,0.00052967,BTC-3MAY24-76000-C,0.001,64044.3,open,1714275870999,,112.09,2.9,80.0,0.0004,0.0009,71.7,74.33,BTC-3MAY24,64096.07,73.98,0.0,0.25879,-36.52835,5.11294,1e-05,0.02943,5.0,76000.0,-0.1706322489995674
BTC-3MAY24-77000-C,,,13.7,0.1,64044.11,0.0006,0.0008,,538.9,0.019,0.0001,0.0006,0.0004307,BTC-3MAY24-77000-C,0.0008,64044.11,open,1714275872011,,519.78,15.2,100.0,0.0003,0.0008,73.02,76.25,BTC-3MAY24,64094.25,75.64,0.0,0.2042,-30.63301,4.19316,1e-05,0.02322,5.0,77000.0,-0.18370433056692026
BTC-3MAY24-78000-C,,,3.3,26.5,64044.41,0.0005,0.0008,,562.3,0.0175,0.0001,0.0004,0.00037123,BTC-3MAY24-78000-C,0.0006,64044.41,open,1714275873015,,384.6,16.4,33.3333,0.0003,0.0006,75.35,80.69,BTC-3MAY24,64093.99,77.67,0.0,0.16636,-26.44317,3.52534,1e-05,0.01892,5.0,78000.0,-0.1966077354028281
BTC-3MAY24-80000-C,,,3.8,12.6,64045.47,0.0003,0.0005,,836.7,0.015,0.0001,0.0004,0.00025322,BTC-3MAY24-80000-C,0.0004,64045.47,open,1714275875029,,654.51,26.7,100.0,0.0002,0.0004,78.19,83.52,BTC-3MAY24,64094.97,80.69,0.0,0.1052,-18.52308,2.37683,1e-05,0.01196,5.0,80000.0,-0.22192554338711798
BTC-3MAY24-82000-C,,,22.8,2.3,64046.33,0.0001,0.0003,,483.4,0.015,0.0001,0.0003,0.00011486,BTC-3MAY24-82000-C,0.0002,64046.33,open,1714275876034,,152.85,10.1,50.0,0.0002,0.0003,75.93,85.66,BTC-3MAY24,64094.98,80.74,0.0,0.05266,-10.07998,1.29261,0.0,0.00597,5.0,82000.0,-0.24661815597748943
BTC-3MAY24-84000-C,,,13.5,13.2,64047.33,0.0001,0.0003,,173.0,0.015,0.0001,0.0002,0.00014636,BTC-3MAY24-84000-C,0.0002,64047.33,open,1714275877043,,1.26,0.1,0.0,0.0002,0.0002,82.48,92.87,BTC-3MAY24,64096.21,87.24,0.0,0.04728,-9.91595,1.17686,0.0,0.00537,5.0,84000.0,-0.27071570755654994
BTC-3MAY24-86000-C,,,0.0,24.3,64044.96,0.0,0.0004,,175.2,0.015,0.0001,0.0001,0.00017869,BTC-3MAY24-86000-C,0.0001,64044.96,open,1714275879057,,6.4,1.0,0.0,0.0001,0.0001,0.0,103.31,BTC-3MAY24,64096.5,92.08,0.0,0.03802,-8.62481,0.9698,0.0,0.00432,5.0,86000.0,-0.2942462049667441
BTC-10MAY24-48000-P,,,1.0,0.5,64045.42,0.0009,0.0011,,56.2,0.0155,0.0001,0.0011,0.00099167,BTC-10MAY24-48000-P,0.001,64045.42,open,1714275880062,,0.0,0.0,,,,77.37,79.82,BTC-10MAY24,64148.32,78.41,0.0,-0.4067,-16.7167,5.19212,0.0,-0.01802,12.0,48000.0,0.28890008037887266
BTC-10MAY24-50000-P,,,50.0,21.1,64044.22,0.0012,0.0015,,116.7,0.018,0.0001,0.0014,0.00155862,BTC-10MAY24-50000-P,0.0014,64044.22,open,1714275882077,,222.29,2.5,0.0,0.0014,0.0014,71.05,73.81,BTC-10MAY24,64148.79,72.5,0.0,-0.57928,-20.87322,7.01155,1e-05,-0.02571,12.0,50000.0,0.24807808585861763
BTC-10MAY24-52000-P,,,1.2,19.6,64029.45,0.0017,0.0021,,162.3,0.0205,0.0001,0.0024,0.0025364,BTC-10MAY24-52000-P,0.0019,64029.45,open,1714275886113,,3402.78,22.0,-4.0,0.0024,0.0025,65.35,68.04,BTC-10MAY24,64143.55,66.65,0.0,-0.83534,-26.01483,9.50532,1e-05,-0.03715,12.0,52000.0,0.20885737270533622
BTC-10MAY24-54000-P,,,2.6,0.1,64028.93,0.0027,0.003,,236.5,0.025,0.0001,0.0037,0.00414079,BTC-10MAY24-54000-P,0.0029,64028.93,open,1714275888123,,446.56,1.8,-7.5,0.0037,0.0041,60.95,62.39,BTC-10MAY24,64130.91,62.01,0.0,-1.29594,-34.43133,13.52343,2e-05,-0.05765,12.0,54000.0,0.17111704472248931
BTC-10MAY24-56000-P,,,2.7,0.1,64028.62,0.0044,0.0048,,185.7,0.0305,0.0001,0.006,0.00676599,BTC-10MAY24-56000-P,0.0047,64028.62,open,1714275889132,,4289.11,10.5,-14.2857,0.0054,0.007,56.99,58.33,BTC-10MAY24,64131.54,57.94,0.0,-2.04865,-45.65052,19.19002,2e-05,-0.09107,12.0,56000.0,0.1347494005516144
BTC-10MAY24-57000-P,,,28.9,41.0,64030.14,0.0055,0.0065,,170.3,0.0345,0.0001,0.0075,0.00874141,BTC-10MAY24-57000-P,0.0061,64030.14,open,1714275891145,,1360.37,2.8,-6.25,0.0075,0.0085,54.7,57.53,BTC-10MAY24,64132.4,56.32,0.0,-2.60238,-52.76698,22.81626,3e-05,-0.11556,12.0,57000.0,0.11704982345221354
BTC-10MAY24-58000-P,,,23.4,0.1,64030.02,0.0075,0.008,,184.9,0.0395,0.0001,0.008,0.01131505,BTC-10MAY24-58000-P,0.008,64030.02,open,1714275892152,,31559.07,53.6,-30.4348,0.008,0.0115,53.93,55.13,BTC-10MAY24,64133.21,55.06,0.0,-3.31335,-60.8848,26.93247,4e-05,-0.14689,12.0,58000.0,0.09965808074034431
BTC-10MAY24-59000-P,,,54.3,13.1,64029.61,0.0095,0.0105,,141.1,0.044,0.0001,0.0118,0.01454738,BTC-10MAY24-59000-P,0.0102,64029.61,open,1714275894166,,10952.13,11.9,-12.5926,0.0118,0.015,51.98,54.05,BTC-10MAY24,64133.27,53.34,0.0,-4.12701,-67.95995,31.02914,4e-05,-0.18273,12.0,59000.0,0.0825636473810442
BTC-10MAY24-60000-P,,,0.6,1.1,64026.38,0.013,0.0135,,288.3,0.05,0.0001,0.0175,0.01869953,BTC-10MAY24-60000-P,0.0132,64026.38,open,1714275898194,,47049.6,41.9,0.0,0.0165,0.0195,51.84,52.74,BTC-10MAY24,64132.36,52.27,0.0,-5.16169,-75.96388,35.39625,5e-05,-0.22801,12.0,60000.0,0.06575652906466302
BTC-10MAY24-61000-P,,,0.5,49.3,64025.57,0.017,0.018,,159.1,0.057,0.0022,0.016,0.02389485,BTC-10MAY24-61000-P,0.0173,64025.57,open,1714275900208,,8041.66,6.8,-31.9149,0.016,0.0235,51.1,52.72,BTC-10MAY24,64130.0,51.59,0.0,-6.39509,-83.76397,39.53914,6e-05,-0.2816,12.0,61000.0,0.04922722711345241
BTC-10MAY24-62000-P,,,0.4,34.6,64024.88,0.022,0.023,,129.9,0.065,0.0037,0.0257,0.03013323,BTC-10MAY24-62000-P,0.0223,64024.88,open,1714275901214,,12513.47,6.8,-15.7377,0.0257,0.0315,50.54,52.04,BTC-10MAY24,64128.88,51.06,0.0,-7.78228,-90.12152,42.98626,6e-05,-0.3414,12.0,62000.0,0.03296670624167212
BTC-10MAY24-63000-P,,,0.4,18.5,64025.32,0.028,0.029,,120.7,0.074,0.006,0.0265,0.03763555,BTC-10MAY24-63000-P,0.0285,64025.32,open,1714275903229,,32336.47,14.1,-29.3333,0.0265,0.0385,50.03,51.44,BTC-10MAY24,64128.64,50.66,0.0,-9.29216,-94.48287,45.42242,7e-05,-0.40588,12.0,63000.0,0.01696636489523093
BTC-10MAY24-64000-P,,,6.0,29.2,64024.07,0.035,0.0365,,238.6,0.084,0.0095,0.035,0.04631241,BTC-10MAY24-64000-P,0.0359,64024.07,open,1714275906250,,29012.65,12.8,-24.7312,0.034,0.0465,49.46,51.53,BTC-10MAY24,64128.62,50.69,0.0,-10.88545,-97.04443,46.62122,7e-05,-0.4729,12.0,64000.0,0.0012180079270918383
BTC-10MAY24-65000-C,,,1.3,24.0,64023.92,0.0305,0.0315,,225.6,0.0735,0.007,0.031,0.0249862,BTC-10MAY24-65000-C,0.0308,64023.92,open,1714275908263,,47495.35,29.6,24.0,0.023,0.031,50.33,51.71,BTC-10MAY24,64126.4,50.72,0.0,9.18852,-96.83338,46.49563,7e-05,0.46028,12.0,65000.0,-0.014286178608873427
BTC-10MAY24-66000-C,,,1.9,16.8,64023.54,0.0245,0.0255,,180.4,0.066,0.0044,0.0215,0.01995427,BTC-10MAY24-66000-C,0.0249,64023.54,open,1714275910278,,33167.67,25.5,7.5,0.0185,0.022,50.48,51.9,BTC-10MAY24,64126.21,51.03,0.0,7.95011,-94.58802,45.14569,6e-05,0.3965,12.0,66000.0,-0.029553650739661878
BTC-10MAY24-67000-C,,,23.9,7.1,64016.13,0.0195,0.0205,,134.5,0.06,0.0028,0.0205,0.01586117,BTC-10MAY24-67000-C,0.0201,64016.13,open,1714275912292,,6494.16,6.4,36.6667,0.0145,0.021,50.73,52.23,BTC-10MAY24,64122.02,51.61,0.0,6.79576,-90.7174,42.80522,6e-05,0.33776,12.0,67000.0,-0.0445915281042024
BTC-10MAY24-68000-C,,,0.4,35.0,64029.28,0.016,0.017,,242.7,0.054,0.0013,0.0135,0.01263122,BTC-10MAY24-68000-C,0.0162,64029.28,open,1714275915316,,4598.49,5.6,8.0,0.011,0.014,51.97,53.57,BTC-10MAY24,64125.87,52.37,0.0,5.76865,-85.63482,39.82409,6e-05,0.28589,12.0,68000.0,-0.05940661388934309
BTC-10MAY24-69000-C,,,32.6,7.2,64031.49,0.0125,0.0135,,291.2,0.0495,0.0001,0.0095,0.01011619,BTC-10MAY24-69000-C,0.0132,64031.49,open,1714275918076,,4947.91,8.3,5.5556,0.009,0.0095,52.04,53.8,BTC-10MAY24,64135.83,53.31,0.0,4.88038,-79.94959,36.52531,5e-05,0.24131,12.0,69000.0,-0.07400541331049576
BTC-10MAY24-70000-C,,,74.0,61.4,64032.44,0.01,0.0115,,668.0,0.045,0.0001,0.01,0.00809754,BTC-10MAY24-70000-C,0.0108,64032.44,open,1714275919387,,15785.5,28.8,33.3333,0.007,0.01,52.84,55.75,BTC-10MAY24,64136.35,54.48,0.0,4.12127,-74.12274,33.13396,4e-05,0.20345,12.0,70000.0,-0.08839415076259535
BTC-10MAY24-71000-C,,,21.3,3.8,64034.09,0.0085,0.009,,183.5,0.041,0.0001,0.009,0.00653711,BTC-10MAY24-71000-C,0.0087,64034.09,open,1714275921355,,14118.79,28.8,38.4615,0.006,0.009,54.78,55.86,BTC-10MAY24,64137.68,55.26,0.0,3.43759,-67.10436,29.57501,4e-05,0.16938,12.0,71000.0,-0.10257878575455183
BTC-10MAY24-72000-C,,,10.1,62.0,64038.99,0.007,0.008,,455.5,0.0385,0.0001,0.0075,0.00543486,BTC-10MAY24-72000-C,0.0074,64038.99,open,1714275924376,,4816.39,12.5,36.3636,0.005,0.0075,55.98,58.37,BTC-10MAY24,64145.35,56.98,0.0,2.94534,-62.48768,26.7095,3e-05,0.14504,12.0,72000.0,-0.1165650277292916
BTC-10MAY24-74000-C,,,10.6,16.4,64044.32,0.0049,0.0055,,449.0,0.033,0.0001,0.0045,0.00391213,BTC-10MAY24-74000-C,0.0052,64044.32,open,1714275928403,,10166.17,38.1,15.3846,0.0034,0.0045,58.75,60.56,BTC-10MAY24,64147.23,59.58,0.0,2.11683,-51.78914,21.17029,3e-05,0.10408,12.0,74000.0,-0.1439640019174061
BTC-10MAY24-76000-C,,,10.0,2.2,64046.07,0.0035,0.0039,,539.3,0.0285,0.0001,0.0035,0.00289986,BTC-10MAY24-76000-C,0.0037,64046.07,open,1714275929411,,5826.57,31.3,40.0,0.0025,0.0035,61.47,63.01,BTC-10MAY24,64150.87,62.25,0.0,1.54328,-42.74485,16.72282,2e-05,0.07581,12.0,76000.0,-0.1706322489995674
BTC-10MAY24-78000-C,,,25.4,2.4,64051.44,0.0025,0.0029,,317.1,0.0255,0.0001,0.0022,0.00228119,BTC-10MAY24-78000-C,0.0027,64051.44,open,1714275931426,,2055.85,14.5,4.7619,0.0021,0.0025,63.88,65.82,BTC-10MAY24,64157.34,64.86,0.0,1.13896,-35.16987,13.20587,1e-05,0.05591,12.0,78000.0,-0.1966077354028281
BTC-10MAY24-80000-C,,,8.5,3.6,64051.38,0.0018,0.0022,,332.7,0.0225,0.0001,0.0019,0.00179943,BTC-10MAY24-80000-C,0.002,64051.38,open,1714275933439,,13574.33,120.3,18.75,0.0013,0.0021,66.16,68.61,BTC-10MAY24,64158.37,67.39,0.0,0.84969,-28.89907,10.44369,1e-05,0.04169,12.0,80000.0,-0.22192554338711798
BTC-10MAY24-82000-C,,,43.5,3.4,64051.64,0.0013,0.0017,,170.5,0.02,0.0001,0.0014,0.00150032,BTC-10MAY24-82000-C,0.0015,64051.64,open,1714275935453,,103.72,1.1,-6.6667,0.0014,0.0015,68.25,71.35,BTC-10MAY24,64157.56,69.78,0.0,0.63895,-23.69168,8.26772,1e-05,0.03134,12.0,82000.0,-0.24661815597748943
BTC-10MAY24-84000-C,,,2.7,15.9,64054.78,0.001,0.0013,,161.8,0.018,0.0001,0.0012,0.00132326,BTC-10MAY24-84000-C,0.0011,64054.78,open,1714275939482,,730.23,9.6,0.0,0.001,0.0012,70.79,73.69,BTC-10MAY24,64164.6,72.28,0.0,0.49292,-19.76703,6.6596,1e-05,0.02418,12.0,84000.0,-0.27071570755654994
BTC-10MAY24-86000-C,,,35.5,15.0,64054.83,0.0007,0.001,,60.9,0.016,0.0001,0.0009,0.00113037,BTC-10MAY24-86000-C,0.0009,64054.83,open,1714275941495,,5.72,0.1,0.0,0.0009,0.0009,72.19,75.91,BTC-10MAY24,64161.31,74.23,0.0,0.37072,-15.94364,5.2308,1e-05,0.01818,12.0,86000.0,-0.2942462049667441
BTC-17MAY24-50000-P,,,4.1,8.5,64055.61,0.002,0.0024,,51.0,0.0195,0.0001,0.0022,0.00271167,BTC-17MAY24-50000-P,0.0022,64055.61,open,1714275943509,,4282.71,24.7,-33.3333,0.0022,0.0033,62.26,64.46,SYN.BTC-17MAY24,64242.9367,63.37,0.0,-1.29119,-19.26391,11.65977,1e-05,-0.03606,19.0,50000.0,0.24807808585861763
BTC-17MAY24-52000-P,,,3.2,8.5,64053.64,0.0031,0.0035,,88.3,0.024,0.0001,0.0039,0.00438753,BTC-17MAY24-52000-P,0.0033,64053.64,open,1714275944515,,6968.1,25.0,-15.2174,0.0038,0.0046,59.1,60.7,SYN.BTC-17MAY24,64243.45,59.85,0.0,-1.92364,-25.08569,16.07582,1e-05,-0.05371,19.0,52000.0,0.20885737270533622
BTC-17MAY24-54000-P,,,10.9,20.4,64052.57,0.0047,0.0055,,111.2,0.0295,0.0001,0.0055,0.00703052,BTC-17MAY24-54000-P,0.0051,64052.57,open,1714275949551,,8205.47,19.5,-21.4286,0.0055,0.007,55.77,58.09,SYN.BTC-17MAY24,64240.6567,56.98,0.0,-2.92442,-32.99537,22.20734,2e-05,-0.08154,19.0,54000.0,0.17111704472248931
BTC-17MAY24-56000-P,,,45.4,39.7,64054.39,0.0075,0.0085,,94.5,0.037,0.0001,0.008,0.01108029,BTC-17MAY24-56000-P,0.008,64054.39,open,1714275951564,,7365.35,11.4,-27.2727,0.008,0.0115,53.4,55.55,SYN.BTC-17MAY24,64242.4467,54.52,0.0,-4.41349,-42.5428,29.92927,3e-05,-0.12275,19.0,56000.0,0.1347494005516144
BTC-17MAY24-58000-P,,,51.7,15.2,64054.1,0.012,0.013,,89.8,0.047,0.0001,0.0155,0.01734785,BTC-17MAY24-58000-P,0.0126,64054.1,open,1714275952572,,4561.3,4.5,-3.125,0.015,0.0175,51.55,53.2,SYN.BTC-17MAY24,64242.1733,52.59,0.0,-6.56458,-53.32487,38.88959,3e-05,-0.18187,19.0,58000.0,0.09965808074034431
BTC-17MAY24-59000-P,,,10.3,39.1,64054.43,0.0155,0.0165,,15.6,0.053,0.001,0.0165,0.02149409,BTC-17MAY24-59000-P,0.016,64054.43,open,1714275953578,,4766.88,3.6,-23.2558,0.0165,0.0215,51.38,52.86,SYN.BTC-17MAY24,64241.79,52.07,0.0,-7.95787,-59.16615,43.5785,4e-05,-0.21981,19.0,59000.0,0.0825636473810442
BTC-17MAY24-60000-P,,,0.6,44.7,64054.12,0.0195,0.0205,,38.6,0.06,0.0039,0.02,0.02643617,BTC-17MAY24-60000-P,0.0199,64054.12,open,1714275955593,,19746.04,12.0,-25.9259,0.0195,0.027,50.97,52.3,SYN.BTC-17MAY24,64242.0867,51.47,0.0,-9.50411,-64.31302,47.92483,4e-05,-0.26172,19.0,60000.0,0.06575652906466302
BTC-17MAY24-61000-P,,,8.1,13.6,64054.37,0.024,0.025,,16.2,0.067,0.006,0.0275,0.03219045,BTC-17MAY24-61000-P,0.0246,64054.37,open,1714275957606,,9227.87,4.8,-12.6984,0.0275,0.0325,50.28,51.52,SYN.BTC-17MAY24,64242.4,50.98,0.0,-11.22289,-68.84857,51.799,5e-05,-0.30795,19.0,61000.0,0.04922722711345241
BTC-17MAY24-62000-P,,,7.6,1.3,64056.85,0.0295,0.0305,,111.2,0.0755,0.008,0.0305,0.03891621,BTC-17MAY24-62000-P,0.0301,64056.85,open,1714275960627,,11453.15,5.1,-19.7368,0.0295,0.04,49.91,51.08,SYN.BTC-17MAY24,64242.99,50.65,0.0,-13.0962,-72.60769,54.97667,5e-05,-0.35787,19.0,62000.0,0.03296670624167212
BTC-17MAY24-63000-P,,,6.8,1.1,64055.25,0.036,0.037,,36.3,0.084,0.0115,0.0355,0.04653786,BTC-17MAY24-63000-P,0.0367,64055.25,open,1714275962642,,3220.12,1.2,-23.6559,0.0355,0.0465,49.74,50.86,SYN.BTC-17MAY24,64243.0467,50.47,0.0,-15.08589,-75.33987,57.2544,5e-05,-0.41031,19.0,63000.0,0.01696636489523093
BTC-17MAY24-64000-P,,,37.3,15.9,64055.57,0.043,0.045,,36.3,0.094,0.0155,0.0525,0.05517835,BTC-17MAY24-64000-P,0.0441,64055.57,open,1714275964655,,6333.54,1.9,-0.9434,0.0525,0.053,49.17,51.37,SYN.BTC-17MAY24,64241.9767,50.34,0.0,-17.14736,-76.79332,58.50479,5e-05,-0.46398,19.0,64000.0,0.0012180079270918383
BTC-17MAY24-65000-C,,,0.4,25.4,64054.92,0.0405,0.0415,,30.0,0.0855,0.0135,0.041,0.03472824,BTC-17MAY24-65000-C,0.0407,64054.92,open,1714275965663,,7084.41,3.1,17.1429,0.033,0.041,50.2,51.3,SYN.BTC-17MAY24,64243.1933,50.39,0.0,14.91581,-77.11264,58.68952,5e-05,0.48259,19.0,65000.0,-0.014286178608873427
BTC-17MAY24-66000-C,,,3.0,6.9,64052.92,0.034,0.035,,64.0,0.078,0.01,0.03,0.02914178,BTC-17MAY24-66000-C,0.0345,64052.92,open,1714275966670,,14127.8,7.6,1.6949,0.028,0.031,50.09,51.2,SYN.BTC-17MAY24,64242.3467,50.59,0.0,13.37149,-76.31624,57.85416,5e-05,0.43062,19.0,66000.0,-0.029553650739661878
BTC-17MAY24-67000-C,,,2.9,6.4,64039.42,0.0285,0.0295,,44.8,0.0715,0.0075,0.027,0.02432704,BTC-17MAY24-67000-C,0.029,64039.42,open,1714275969690,,10950.42,6.9,10.2041,0.0235,0.027,50.26,51.41,SYN.BTC-17MAY24,64234.8267,50.79,0.0,11.8681,-74.27986,56.08857,5e-05,0.38064,19.0,67000.0,-0.0445915281042024
BTC-17MAY24-68000-C,,,8.3,8.9,64038.8,0.024,0.025,,49.9,0.065,0.0055,0.0245,0.02025201,BTC-17MAY24-68000-C,0.0243,64038.8,open,1714275970698,,10070.38,7.5,19.5122,0.019,0.0245,50.76,51.96,SYN.BTC-17MAY24,64225.8033,51.17,0.0,10.45658,-71.48339,53.58321,5e-05,0.33423,19.0,68000.0,-0.05940661388934309
BTC-17MAY24-69000-C,,,8.3,8.5,64039.49,0.02,0.021,,201.6,0.0595,0.0038,0.018,0.01690215,BTC-17MAY24-69000-C,0.0204,64039.49,open,1714275971705,,4180.21,3.9,5.8824,0.0165,0.018,51.03,52.3,SYN.BTC-17MAY24,64224.9467,51.59,0.0,9.16536,-68.005,50.5581,5e-05,0.29206,19.0,69000.0,-0.07400541331049576
BTC-17MAY24-70000-C,,,3.1,0.5,64039.12,0.017,0.0175,,476.9,0.055,0.0023,0.0175,0.01396786,BTC-17MAY24-70000-C,0.0173,64039.12,open,1714275973720,,3757.66,4.3,25.0,0.013,0.0175,51.87,52.55,SYN.BTC-17MAY24,64225.3533,52.23,0.0,8.01726,-64.36414,47.25867,4e-05,0.25487,19.0,70000.0,-0.08839415076259535
BTC-17MAY24-72000-C,,,10.0,0.6,64031.07,0.012,0.0125,,607.3,0.0465,0.0001,0.011,0.00990973,BTC-17MAY24-72000-C,0.0123,64031.07,open,1714275976741,,25654.47,41.3,22.2222,0.009,0.011,53.07,53.87,SYN.BTC-17MAY24,64220.76,53.61,0.0,6.07586,-56.27204,40.25607,3e-05,0.19242,19.0,72000.0,-0.1165650277292916
BTC-17MAY24-74000-C,,,23.8,44.7,64029.41,0.0085,0.0095,,229.5,0.04,0.0001,0.0085,0.00742423,BTC-17MAY24-74000-C,0.0089,64029.41,open,1714275978754,,12506.03,27.3,13.3333,0.0065,0.0085,54.38,56.29,SYN.BTC-17MAY24,64213.1733,55.16,0.0,4.58685,-48.2206,33.5259,3e-05,0.14487,19.0,74000.0,-0.1439640019174061
BTC-17MAY24-76000-C,,,14.0,9.6,64037.85,0.0065,0.007,,389.3,0.035,0.0001,0.006,0.00546589,BTC-17MAY24-76000-C,0.0067,64037.85,open,1714275984796,,1179.59,3.7,27.6596,0.0045,0.006,56.76,57.91,SYN.BTC-17MAY24,64213.0333,57.28,0.0,3.53949,-41.77838,27.97112,2e-05,0.11164,19.0,76000.0,-0.1706322489995674
BTC-17MAY24-78000-C,,,17.7,23.3,64040.64,0.0049,0.0055,,375.0,0.0315,0.0001,0.0047,0.00428317,BTC-17MAY24-78000-C,0.0052,64040.64,open,1714275985804,,29.6,0.1,0.0,0.0047,0.0047,58.65,60.3,SYN.BTC-17MAY24,64222.4,59.39,0.0,2.7606,-36.09122,23.30523,2e-05,0.08698,19.0,78000.0,-0.1966077354028281
BTC-17MAY24-80000-C,,,15.0,0.1,64041.72,0.0038,0.0039,,23.1,0.028,0.0001,0.0038,0.00344671,BTC-17MAY24-80000-C,0.004,64041.72,open,1714275987818,,755.33,3.7,46.1538,0.0026,0.0038,60.74,61.08,SYN.BTC-17MAY24,64224.79,61.28,0.0,2.14965,-30.76882,19.25613,1e-05,0.06767,19.0,80000.0,-0.22192554338711798
BTC-17MAY24-82000-C,,,16.0,1.0,64042.28,0.003,0.0032,,12.9,0.025,0.0001,0.0031,0.00284703,BTC-17MAY24-82000-C,0.0031,64042.28,open,1714275988824,,508.8,2.9,19.2308,0.0026,0.0031,62.85,63.65,SYN.BTC-17MAY24,64226.3867,63.28,0.0,1.70015,-26.43073,16.01996,1e-05,0.05349,19.0,82000.0,-0.24661815597748943
BTC-17MAY24-84000-C,,,16.0,2.4,64043.56,0.0023,0.0026,,7.2,0.0225,0.0001,0.0022,0.00243764,BTC-17MAY24-84000-C,0.0024,64043.56,open,1714275990838,,84.03,0.7,37.5,0.0016,0.0022,64.41,65.86,SYN.BTC-17MAY24,64229.7567,65.07,0.0,1.34547,-22.52725,13.27685,1e-05,0.04231,19.0,84000.0,-0.27071570755654994
BTC-17MAY24-86000-C,,,24.5,2.7,64043.5,0.0017,0.0021,,14.1,0.0205,0.0001,0.0018,0.00214152,BTC-17MAY24-86000-C,0.0019,64043.5,open,1714275991845,,1061.27,10.9,38.4615,0.0013,0.0019,65.46,67.81,SYN.BTC-17MAY24,64228.7567,66.84,0.0,1.0728,-19.22817,11.03281,1e-05,0.03372,19.0,86000.0,-0.2942462049667441
BTC-31MAY24-48000-P,,,15.5,7.8,64043.43,0.0039,0.0044,,159.1,0.0245,0.0001,0.0043,0.00545001,BTC-31MAY24-48000-P,0.0042,64043.43,open,1714275993857,,347.53,1.1,-21.8182,0.0043,0.0055,61.67,63.3,BTC-31MAY24,64389.34,62.65,0.0,-3.14334,-18.75794,19.86538,1e-05,-0.04951,33.0,48000.0,0.28890008037887266
BTC-31MAY24-49000-P,,,0.5,53.1,64044.02,0.0047,0.0055,,378.4,0.0275,0.0001,0.0048,0.00654859,BTC-31MAY24-49000-P,0.0051,64044.02,open,1714275994864,,7577.25,21.0,-12.7273,0.0048,0.0065,60.57,62.82,BTC-31MAY24,64390.74,61.68,0.0,-3.75995,-21.26023,22.8704,1e-05,-0.05916,33.0,49000.0,0.26828079317613696
BTC-31MAY24-50000-P,,,56.5,52.5,64044.45,0.0055,0.0065,,1450.4,0.03,0.0001,0.0075,0.00793207,BTC-31MAY24-50000-P,0.006,64044.45,open,1714275995872,,1261.23,2.6,-6.25,0.0075,0.008,59.11,61.6,BTC-31MAY24,64391.42,60.42,0.0,-4.41698,-23.59099,25.90896,1e-05,-0.06945,33.0,50000.0,0.24807808585861763
BTC-31MAY24-51000-P,,,71.2,35.4,64044.77,0.0065,0.0075,,580.3,0.033,0.0001,0.009,0.00946476,BTC-31MAY24-51000-P,0.0071,64044.77,open,1714275996881,,906.02,1.6,0.0,0.0085,0.009,57.82,60.04,BTC-31MAY24,64391.92,59.1,0.0,-5.16126,-25.97844,29.16402,1e-05,-0.08111,33.0,51000.0,0.22827545856243794
BTC-31MAY24-52000-P,,,41.3,45.4,64042.25,0.008,0.009,,371.1,0.0365,0.0001,0.0085,0.01124591,BTC-31MAY24-52000-P,0.0085,64042.25,open,1714275998893,,1186.2,1.8,-22.7273,0.0085,0.0115,57.22,59.17,BTC-31MAY24,64393.64,58.25,0.0,-6.11336,-29.01272,33.04838,2e-05,-0.09593,33.0,52000.0,0.20885737270533622
BTC-31MAY24-53000-P,,,79.9,12.7,64034.01,0.0095,0.0105,,161.5,0.04,0.0001,0.011,0.01343533,BTC-31MAY24-53000-P,0.0101,64034.01,open,1714275999899,,9455.81,13.4,-21.4286,0.011,0.014,56.12,57.87,BTC-31MAY24,64389.6,57.13,0.0,-7.14096,-31.82635,36.96235,2e-05,-0.11194,33.0,53000.0,0.1898091777346419
BTC-31MAY24-54000-P,,,50.1,11.5,64025.67,0.0115,0.0125,,156.0,0.044,0.0001,0.0125,0.01595003,BTC-31MAY24-54000-P,0.0121,64025.67,open,1714276001913,,1401.21,1.4,-16.6667,0.0125,0.0165,55.39,56.95,BTC-31MAY24,64372.6,56.34,0.0,-8.403,-35.14236,41.38393,2e-05,-0.13151,33.0,54000.0,0.17111704472248931
BTC-31MAY24-55000-P,,,11.7,50.4,64027.11,0.014,0.015,,1080.0,0.049,0.0001,0.015,0.01890944,BTC-31MAY24-55000-P,0.0145,64027.11,open,1714276003928,,1913.14,1.7,-21.0526,0.015,0.019,54.96,56.36,BTC-31MAY24,64372.82,55.61,0.0,-9.8145,-38.47173,45.90546,2e-05,-0.15328,33.0,55000.0,0.15276790605429283
BTC-31MAY24-56000-P,,,1.0,43.9,64026.91,0.017,0.018,,701.8,0.054,0.0024,0.0175,0.02213162,BTC-31MAY24-56000-P,0.0173,64026.91,open,1714276004934,,4434.23,3.4,-18.6047,0.0175,0.0225,54.66,55.93,BTC-31MAY24,64373.24,55.07,0.0,-11.44022,-42.00313,50.60384,2e-05,-0.1782,33.0,56000.0,0.1347494005516144
BTC-31MAY24-57000-P,,,13.7,16.5,64027.79,0.02,0.021,,912.5,0.06,0.0055,0.0245,0.02611868,BTC-31MAY24-57000-P,0.0206,64027.79,open,1714276007955,,41050.79,25.1,-7.5472,0.0245,0.0265,53.82,54.99,BTC-31MAY24,64372.93,54.55,0.0,-13.23425,-45.40612,55.23163,3e-05,-0.20557,33.0,57000.0,0.11704982345221354
BTC-31MAY24-58000-P,,,12.5,39.8,64025.21,0.024,0.025,,576.9,0.066,0.007,0.027,0.03070179,BTC-31MAY24-58000-P,0.0245,64025.21,open,1714276009213,,93549.39,54.1,-11.4754,0.027,0.031,53.62,54.7,BTC-31MAY24,64373.53,54.16,0.0,-15.22395,-48.75674,59.73733,3e-05,-0.2357,33.0,58000.0,0.09965808074034431
BTC-31MAY24-59000-P,,,16.2,36.1,64026.12,0.028,0.0295,,310.6,0.073,0.009,0.029,0.03579168,BTC-31MAY24-59000-P,0.0288,64026.12,open,1714276010976,,30424.32,16.2,-18.3099,0.029,0.0355,52.87,54.38,BTC-31MAY24,64370.57,53.7,0.0,-17.36308,-51.73357,63.92091,3e-05,-0.26794,33.0,59000.0,0.0825636473810442
BTC-31MAY24-60000-P,,,14.8,1.0,64025.8,0.033,0.034,,513.3,0.08,0.0115,0.0325,0.04159486,BTC-31MAY24-60000-P,0.0338,64025.8,open,1714276012991,,61605.05,25.7,-20.7317,0.0325,0.0415,52.61,53.57,BTC-31MAY24,64372.13,53.34,0.0,-19.6635,-54.43552,67.71069,3e-05,-0.30231,33.0,60000.0,0.06575652906466302
BTC-31MAY24-61000-P,,,8.9,29.3,64024.84,0.0385,0.04,,420.3,0.088,0.015,0.0435,0.04799493,BTC-31MAY24-61000-P,0.0394,64024.84,open,1714276015005,,196298.16,66.7,-4.3956,0.0435,0.0485,52.28,53.64,BTC-31MAY24,64371.08,53.08,0.0,-22.11829,-56.79851,71.00009,4e-05,-0.33865,33.0,61000.0,0.04922722711345241
BTC-31MAY24-62000-P,,,12.6,30.8,64026.97,0.045,0.0465,,846.3,0.0965,0.0185,0.0505,0.05509904,BTC-31MAY24-62000-P,0.0457,64026.97,open,1714276017019,,12773.75,3.8,-9.8214,0.0505,0.056,52.3,53.61,BTC-31MAY24,64370.99,52.87,0.0,-24.68931,-58.70319,73.67126,4e-05,-0.37633,33.0,62000.0,0.03296670624167212
BTC-31MAY24-63000-P,,,5.4,0.8,64026.75,0.052,0.053,,401.3,0.105,0.023,0.051,0.06297308,BTC-31MAY24-63000-P,0.0525,64026.75,open,1714276019032,,6945.08,1.8,-19.0476,0.051,0.063,52.22,53.07,BTC-31MAY24,64371.23,52.68,0.0,-27.34867,-60.06454,75.65352,4e-05,-0.41489,33.0,63000.0,0.01696636489523093
BTC-31MAY24-64000-P,,,7.7,16.0,64019.0,0.0595,0.061,,352.2,0.115,0.028,0.058,0.07138945,BTC-31MAY24-64000-P,0.0603,64019.0,open,1714276024067,,5492.48,1.4,-18.8811,0.058,0.0715,51.97,53.23,BTC-31MAY24,64362.04,52.65,0.0,-30.10238,-61.02315,76.90179,4e-05,-0.45426,33.0,64000.0,0.0012180079270918383
BTC-31MAY24-65000-C,,,6.4,18.5,64018.55,0.058,0.0595,,489.3,0.108,0.0275,0.055,0.05293996,BTC-31MAY24-65000-C,0.0587,64018.55,open,1714276026537,,21738.38,6.3,2.8037,0.052,0.055,52.04,53.28,BTC-31MAY24,64361.84,52.58,0.0,26.21599,-61.33673,77.39968,4e-05,0.50679,33.0,65000.0,-0.014286178608873427
BTC-31MAY24-66000-C,,,12.3,1.0,64017.01,0.0515,0.0525,,376.5,0.1005,0.0225,0.052,0.04693293,BTC-31MAY24-66000-C,0.0521,64017.01,open,1714276031116,,159910.25,52.5,10.6383,0.0455,0.052,52.13,52.96,BTC-31MAY24,64360.29,52.63,0.0,24.35443,-61.206,77.16646,4e-05,0.46843,33.0,66000.0,-0.029553650739661878
BTC-31MAY24-67000-C,,,13.9,1.0,64019.48,0.0455,0.0465,,302.1,0.0935,0.0185,0.046,0.04147765,BTC-31MAY24-67000-C,0.0461,64019.48,open,1714276033130,,59027.32,21.9,10.8434,0.04,0.0475,52.14,52.99,BTC-31MAY24,64360.09,52.64,0.0,22.51394,-60.49122,76.24654,4e-05,0.43095,33.0,67000.0,-0.0445915281042024
BTC-31MAY24-68000-C,,,0.3,6.9,64022.5,0.0405,0.0415,,534.3,0.0875,0.0155,0.0405,0.03655451,BTC-31MAY24-68000-C,0.0409,64022.5,open,1714276035144,,233836.67,102.5,8.0,0.0355,0.0405,52.53,53.39,BTC-31MAY24,64361.58,52.85,0.0,20.73621,-59.52962,74.73121,4e-05,0.39534,33.0,68000.0,-0.05940661388934309
BTC-31MAY24-69000-C,,,16.5,0.7,64021.08,0.0355,0.0365,,1687.0,0.0815,0.0125,0.034,0.03223998,BTC-31MAY24-69000-C,0.0362,64021.08,open,1714276036404,,62146.77,30.5,3.0303,0.031,0.034,52.47,53.35,BTC-31MAY24,64365.07,53.07,0.0,19.02913,-58.14767,72.69776,4e-05,0.36145,33.0,69000.0,-0.07400541331049576
BTC-31MAY24-70000-C,,,8.2,7.2,64014.8,0.0315,0.0325,,1275.9,0.0765,0.0105,0.03,0.02843161,BTC-31MAY24-70000-C,0.032,64014.8,open,1714276038166,,49166.25,27.7,7.1429,0.0275,0.03,52.91,53.83,BTC-31MAY24,64358.43,53.34,0.0,17.38699,-56.43155,70.199,3e-05,0.3292,33.0,70000.0,-0.08839415076259535
BTC-31MAY24-71000-C,,,0.6,20.2,64010.2,0.028,0.029,,684.8,0.0715,0.0085,0.025,0.02511429,BTC-31MAY24-71000-C,0.0283,64010.2,open,1714276044208,,6874.42,4.3,-1.9608,0.024,0.0255,53.43,54.39,BTC-31MAY24,64348.0,53.67,0.0,15.84015,-54.48627,67.35812,3e-05,0.29908,33.0,71000.0,-0.10257878575455183
BTC-31MAY24-72000-C,,,14.1,0.1,64015.38,0.0245,0.025,,940.2,0.067,0.007,0.023,0.02212331,BTC-31MAY24-72000-C,0.025,64015.38,open,1714276046223,,98764.31,72.5,2.2222,0.021,0.023,53.51,54.02,BTC-31MAY24,64351.68,54.02,0.0,14.42163,-52.38262,64.33465,3e-05,0.27157,33.0,72000.0,-0.1165650277292916
BTC-31MAY24-73000-C,,,18.2,6.5,64018.08,0.0215,0.0225,,811.1,0.0625,0.0055,0.019,0.0195577,BTC-31MAY24-73000-C,0.022,64018.08,open,1714276048238,,51928.31,42.3,-2.5641,0.0185,0.02,53.71,54.76,BTC-31MAY24,64357.54,54.31,0.0,13.08775,-50.00952,61.10232,3e-05,0.2458,33.0,73000.0,-0.13035834986162742
BTC-31MAY24-74000-C,,,19.2,0.5,64019.62,0.019,0.02,,749.4,0.059,0.0046,0.019,0.01723518,BTC-31MAY24-74000-C,0.0197,64019.62,open,1714276054288,,9073.83,8.2,8.5714,0.017,0.019,54.1,55.22,BTC-31MAY24,64359.96,54.94,0.0,11.92927,-48.02635,57.99886,3e-05,0.22368,33.0,74000.0,-0.1439640019174061
BTC-31MAY24-75000-C,,,1.0,24.6,64018.64,0.0175,0.018,,1460.4,0.0555,0.0027,0.0175,0.01523718,BTC-31MAY24-75000-C,0.0176,64018.64,open,1714276055295,,38460.94,39.3,12.9032,0.015,0.0175,55.35,55.93,BTC-31MAY24,64359.78,55.48,0.0,10.84143,-45.81879,54.79906,3e-05,0.20294,33.0,75000.0,-0.15738702224954682
BTC-31MAY24-76000-C,,,24.2,8.4,64018.3,0.015,0.016,,659.1,0.052,0.0007,0.0145,0.01350575,BTC-31MAY24-76000-C,0.0156,64018.3,open,1714276056302,,10229.87,11.8,7.4074,0.013,0.0145,55.12,56.37,BTC-31MAY24,64358.87,55.93,0.0,9.82511,-43.45222,51.5485,2e-05,0.1836,33.0,76000.0,-0.1706322489995674
BTC-31MAY24-77000-C,,,14.0,26.3,64017.97,0.0135,0.0145,,597.1,0.049,0.0001,0.0125,0.01197137,BTC-31MAY24-77000-C,0.0139,64017.97,open,1714276058509,,6531.4,8.6,8.6957,0.0115,0.0125,55.85,57.17,BTC-31MAY24,64357.89,56.39,0.0,8.8977,-41.09242,48.35469,2e-05,0.16601,33.0,77000.0,-0.18370433056692026
BTC-31MAY24-78000-C,,,26.4,11.9,64016.01,0.012,0.013,,947.6,0.0465,0.0001,0.0115,0.01075493,BTC-31MAY24-78000-C,0.0124,64016.01,open,1714276059323,,3940.57,5.6,9.5238,0.0105,0.0115,56.32,57.73,BTC-31MAY24,64358.33,56.92,0.0,8.07471,-38.8901,45.33218,2e-05,0.15046,33.0,78000.0,-0.1966077354028281
BTC-31MAY24-79000-C,,,0.5,46.6,64016.07,0.011,0.012,,315.9,0.0445,0.0001,0.01,0.00955689,BTC-31MAY24-79000-C,0.0113,64016.07,open,1714276061339,,6367.23,10.1,11.1111,0.009,0.01,57.29,58.79,BTC-31MAY24,64357.21,57.82,0.0,7.41408,-37.28289,42.78478,2e-05,0.1381,33.0,79000.0,-0.20934676118025788
BTC-31MAY24-80000-C,,,64.2,17.5,64019.51,0.0095,0.0105,,4861.5,0.0415,0.0001,0.0105,0.00861107,BTC-31MAY24-80000-C,0.01,64019.51,open,1714276062345,,15442.3,27.3,31.25,0.008,0.0105,57.26,58.88,BTC-31MAY24,64356.1,58.02,0.0,6.65526,-34.68068,39.65864,2e-05,0.12374,33.0,80000.0,-0.22192554338711798
BTC-31MAY24-81000-C,,,76.4,12.7,64017.18,0.0085,0.0095,,475.5,0.04,0.0001,0.0085,0.00781399,BTC-31MAY24-81000-C,0.0092,64017.18,open,1714276064360,,2852.39,5.3,6.25,0.008,0.0085,57.78,59.52,BTC-31MAY24,64358.45,58.96,0.0,6.13747,-33.27628,37.44971,2e-05,0.11409,33.0,81000.0,-0.23434806338567507
BTC-31MAY24-82000-C,,,14.5,0.2,64016.29,0.008,0.0085,,736.2,0.0385,0.0001,0.008,0.00701177,BTC-31MAY24-82000-C,0.0084,64016.29,open,1714276065366,,7978.94,16.8,14.2857,0.007,0.0085,59.04,59.96,BTC-31MAY24,64357.14,59.77,0.0,5.64255,-31.75196,35.24611,2e-05,0.10486,33.0,82000.0,-0.24661815597748943
BTC-31MAY24-84000-C,,,28.1,38.5,64014.8,0.0065,0.0075,,552.4,0.035,0.0001,0.0075,0.00594301,BTC-31MAY24-84000-C,0.0069,64014.8,open,1714276067379,,539.39,1.3,15.3846,0.0065,0.0075,60.16,62.24,BTC-31MAY24,64355.15,61.08,0.0,4.7273,-28.46034,30.91837,1e-05,0.08775,33.0,84000.0,-0.27071570755654994
BTC-31MAY24-85000-C,,,15.0,9.3,64012.05,0.006,0.0065,,1481.7,0.033,0.0001,0.006,0.00528383,BTC-31MAY24-85000-C,0.0062,64012.05,open,1714276068387,,7092.3,19.1,9.0909,0.0055,0.0065,61.01,62.13,BTC-31MAY24,64354.64,61.47,0.0,4.28405,-26.58003,28.69155,1e-05,0.07944,33.0,85000.0,-0.28255016520355275
BTC-31MAY24-86000-C,,,15.0,9.3,64013.17,0.0055,0.006,,717.0,0.0315,0.0001,0.0055,0.00505478,BTC-31MAY24-86000-C,0.0057,64013.17,open,1714276069394,,132.53,0.4,10.0,0.005,0.0055,61.74,62.92,BTC-31MAY24,64351.8,62.21,0.0,3.94818,-25.27564,26.95764,1e-05,0.0732,33.0,86000.0,-0.2942462049667441
BTC-28JUN24-48000-P,,,30.1,17.4,64014.12,0.0105,0.0115,,514.3,0.042,0.0001,0.014,0.01360263,BTC-28JUN24-48000-P,0.0111,64014.12,open,1714276070401,,854.76,1.0,3.7037,0.0135,0.014,58.95,60.48,BTC-28JUN24,64864.65,59.83,0.0,-10.7958,-20.77874,42.49062,1e-05,-0.08823,61.0,48000.0,0.28890008037887266
BTC-28JUN24-49000-P,,,21.1,25.4,64015.0,0.0125,0.0135,,259.7,0.046,0.0001,0.0165,0.01603256,BTC-28JUN24-49000-P,0.0131,64015.0,open,1714276071408,,7112.65,7.0,3.125,0.016,0.0165,58.74,60.12,BTC-28JUN24,64865.56,59.53,0.0,-12.46128,-22.9332,47.13167,1e-05,-0.10155,61.0,49000.0,0.26828079317613696
BTC-28JUN24-50000-P,,,20.4,25.8,64015.34,0.0145,0.0155,,511.5,0.0505,0.0001,0.0155,0.01853103,BTC-28JUN24-50000-P,0.0151,64015.34,open,1714276073422,,24031.41,21.7,-16.2162,0.0155,0.0185,58.2,59.46,BTC-28JUN24,64866.35,58.93,0.0,-14.15811,-24.85016,51.59336,1e-05,-0.11515,61.0,50000.0,0.24807808585861763
BTC-28JUN24-51000-P,,,12.5,31.1,64015.65,0.017,0.018,,243.4,0.0545,0.0024,0.017,0.02109724,BTC-28JUN24-51000-P,0.0174,64015.65,open,1714276075436,,3422.44,2.8,-12.8205,0.017,0.0215,57.96,59.11,BTC-28JUN24,64866.92,58.37,0.0,-16.02991,-26.81309,56.20412,1e-05,-0.13009,61.0,51000.0,0.22827545856243794
BTC-28JUN24-52000-P,,,19.7,15.6,64015.61,0.0195,0.0205,,214.8,0.0595,0.0055,0.025,0.02445501,BTC-28JUN24-52000-P,0.0201,64015.61,open,1714276076442,,13151.85,8.5,2.0408,0.0245,0.025,57.39,58.45,BTC-28JUN24,64866.84,58.0,0.0,-18.15314,-28.94566,61.05884,1e-05,-0.1469,61.0,52000.0,0.20885737270533622
BTC-28JUN24-53000-P,,,19.3,11.4,64014.97,0.0225,0.0235,,419.2,0.065,0.007,0.024,0.02784308,BTC-28JUN24-53000-P,0.0231,64014.97,open,1714276078457,,10094.99,6.4,-14.2857,0.024,0.028,57.05,58.03,BTC-28JUN24,64866.76,57.61,0.0,-20.43552,-31.02871,65.89363,2e-05,-0.1649,61.0,53000.0,0.1898091777346419
BTC-28JUN24-54000-P,,,10.0,16.2,64017.58,0.026,0.027,,332.0,0.0705,0.009,0.0325,0.03172468,BTC-28JUN24-54000-P,0.0264,64017.58,open,1714276084499,,2042.66,1.0,0.0,0.0325,0.0325,56.88,57.79,BTC-28JUN24,64868.87,57.26,0.0,-22.89755,-33.08523,70.69526,2e-05,-0.18419,61.0,54000.0,0.17111704472248931
BTC-28JUN24-55000-P,,,18.8,21.3,64017.35,0.0295,0.031,,1089.3,0.0765,0.0105,0.03,0.03611916,BTC-28JUN24-55000-P,0.0302,64017.35,open,1714276085506,,36307.46,16.2,-15.493,0.03,0.037,56.39,57.68,BTC-28JUN24,64869.05,56.98,0.0,-25.56462,-35.13742,75.44331,2e-05,-0.20495,61.0,55000.0,0.15276790605429283
BTC-28JUN24-56000-P,,,24.2,6.0,64019.67,0.0335,0.035,,330.7,0.083,0.013,0.0415,0.04085102,BTC-28JUN24-56000-P,0.0344,64019.67,open,1714276087520,,2607.21,1.0,0.0,0.0415,0.0415,56.04,57.25,BTC-28JUN24,64869.82,56.78,0.0,-28.42176,-37.14758,80.04825,2e-05,-0.227,61.0,56000.0,0.1347494005516144
BTC-28JUN24-57000-P,,,39.9,5.7,64018.24,0.038,0.0395,,141.6,0.09,0.0155,0.039,0.04599734,BTC-28JUN24-57000-P,0.039,64018.24,open,1714276089534,,539.68,0.2,-15.2174,0.039,0.046,55.79,56.94,BTC-28JUN24,64870.52,56.55,0.0,-31.42301,-39.01052,84.39776,2e-05,-0.25002,61.0,57000.0,0.11704982345221354
BTC-28JUN24-58000-P,,,5.6,7.4,64017.59,0.0435,0.045,,394.4,0.097,0.0185,0.0465,0.05182115,BTC-28JUN24-58000-P,0.0441,64017.59,open,1714276092555,,0.0,0.0,,,,55.98,57.08,BTC-28JUN24,64870.24,56.41,0.0,-34.60324,-40.79698,88.48491,2e-05,-0.27418,61.0,58000.0,0.09965808074034431
BTC-28JUN24-60000-P,,,5.3,7.1,64021.07,0.055,0.0565,,1530.4,0.113,0.026,0.0585,0.06437833,BTC-28JUN24-60000-P,0.0557,64021.07,open,1714276094569,,36593.43,9.2,-8.5938,0.0585,0.0645,55.79,56.81,BTC-28JUN24,64870.35,56.24,0.0,-41.37341,-43.92654,95.56909,2e-05,-0.32487,61.0,60000.0,0.06575652906466302
BTC-28JUN24-64000-P,,,1.2,1.2,64018.63,0.083,0.0855,,261.6,0.149,0.0465,0.096,0.09564801,BTC-28JUN24-64000-P,0.0844,64018.63,open,1714276096583,,4228.39,0.7,0.0,0.096,0.096,55.32,56.87,BTC-28JUN24,64870.52,56.22,0.0,-56.0439,-47.95157,104.36156,3e-05,-0.43102,61.0,64000.0,0.0012180079270918383
BTC-28JUN24-65000-C,,,9.9,9.6,64018.41,0.09,0.0915,,3475.4,0.1495,0.053,0.092,0.08461283,BTC-28JUN24-65000-C,0.0908,64018.41,open,1714276097589,,83099.87,15.0,7.6023,0.0835,0.093,55.78,56.71,BTC-28JUN24,64870.07,56.26,0.0,49.10216,-48.44034,105.34975,3e-05,0.54239,61.0,65000.0,-0.014286178608873427
BTC-28JUN24-70000-C,,,10.6,14.0,64017.23,0.061,0.0625,,2825.2,0.119,0.03,0.063,0.05728474,BTC-28JUN24-70000-C,0.0619,64017.23,open,1714276099605,,110307.88,29.3,8.6207,0.0565,0.0635,56.33,57.27,BTC-28JUN24,64868.62,56.87,0.0,38.5686,-48.16887,103.62357,3e-05,0.41662,61.0,70000.0,-0.08839415076259535
BTC-28JUN24-75000-C,,,10.3,10.5,64017.28,0.0415,0.0425,,4854.2,0.0955,0.0165,0.0425,0.0386175,BTC-28JUN24-75000-C,0.0421,64017.28,open,1714276100612,,38436.92,15.0,8.9744,0.038,0.0425,57.57,58.26,BTC-28JUN24,64868.61,57.96,0.0,29.24079,-44.44687,93.82444,2e-05,0.31102,61.0,75000.0,-0.15738702224954682
BTC-28JUN24-80000-C,,,17.1,18.2,64016.51,0.0285,0.0295,,2521.0,0.0775,0.009,0.0285,0.0267698,BTC-28JUN24-80000-C,0.0289,64016.51,open,1714276101618,,17898.01,10.6,11.7647,0.0255,0.0285,59.06,59.86,BTC-28JUN24,64868.46,59.39,0.0,21.79883,-39.08583,80.52336,2e-05,0.22941,61.0,80000.0,-0.22192554338711798
BTC-28JUN24-85000-C,,,0.9,7.6,64021.44,0.02,0.021,,2941.6,0.0645,0.0055,0.02,0.01891476,BTC-28JUN24-85000-C,0.0204,64021.44,open,1714276103632,,50888.1,42.2,14.2857,0.0175,0.02,60.8,61.76,BTC-28JUN24,64869.71,61.15,0.0,16.26367,-33.58578,67.19358,2e-05,0.16996,61.0,85000.0,-0.28255016520355275
BTC-26JUL24-48000-P,,,25.4,16.7,64021.79,0.019,0.021,,4.1,0.06,0.0055,0.024,0.02423441,BTC-26JUL24-48000-P,0.02,64021.79,open,1714276107661,,2264.46,1.5,0.0,0.024,0.024,59.57,61.61,SYN.BTC-26JUL24,65369.4669,60.64,0.0,-22.19687,-21.83945,64.23231,1e-05,-0.11894,89.0,48000.0,0.28890008037887266
BTC-26JUL24-50000-P,,,22.9,15.2,64021.62,0.0245,0.0265,,18.2,0.07,0.009,0.0275,0.02988267,BTC-26JUL24-50000-P,0.0257,64021.62,open,1714276109675,,30685.11,17.2,-6.7797,0.0275,0.0295,58.94,60.71,SYN.BTC-26JUL24,65370.4246,59.98,0.0,-27.46625,-24.91618,74.09139,1e-05,-0.14631,89.0,50000.0,0.24807808585861763
BTC-26JUL24-52000-P,,,21.8,20.0,64016.33,0.031,0.0335,,2.2,0.081,0.012,0.036,0.03771448,BTC-26JUL24-52000-P,0.0323,64016.33,open,1714276110682,,3519.86,1.5,-5.2632,0.036,0.038,58.27,60.22,SYN.BTC-26JUL24,65369.01,59.26,0.0,-33.38965,-27.85546,83.83372,1e-05,-0.17681,89.0,52000.0,0.20885737270533622
BTC-26JUL24-54000-P,,,20.8,19.1,64011.85,0.039,0.0415,,4.5,0.0935,0.017,0.044,0.04688097,BTC-26JUL24-54000-P,0.0404,64011.85,open,1714276113703,,0.0,0.0,,,,57.86,59.61,SYN.BTC-26JUL24,65359.8608,58.85,0.0,-40.20044,-30.8381,93.45423,2e-05,-0.21134,89.0,54000.0,0.17111704472248931
BTC-26JUL24-56000-P,,,19.0,6.6,64011.88,0.0485,0.051,,4.2,0.1075,0.0225,0.054,0.05738479,BTC-26JUL24-56000-P,0.05,64011.88,open,1714276114709,,9380.81,2.7,-4.4248,0.0535,0.0585,57.62,59.21,SYN.BTC-26JUL24,65358.6331,58.57,0.0,-47.69823,-33.62351,102.37876,2e-05,-0.24872,89.0,56000.0,0.1347494005516144
BTC-26JUL24-57000-P,,,7.0,6.1,64014.19,0.054,0.0565,,7.2,0.1145,0.026,0.06,0.06316696,BTC-26JUL24-57000-P,0.0553,64014.19,open,1714276117730,,19039.43,5.0,0.0,0.06,0.06,57.65,59.19,SYN.BTC-26JUL24,65359.8138,58.47,0.0,-51.67199,-34.90475,106.47409,2e-05,-0.26827,89.0,57000.0,0.11704982345221354
BTC-26JUL24-58000-P,,,16.7,22.7,64012.85,0.0595,0.0625,,37.5,0.1225,0.03,0.0625,0.06925257,BTC-26JUL24-58000-P,0.061,64012.85,open,1714276118739,,3575.42,0.9,0.0,0.0625,0.0625,57.48,59.25,SYN.BTC-26JUL24,65360.9346,58.34,0.0,-55.76041,-36.06881,110.27036,2e-05,-0.28824,89.0,58000.0,0.09965808074034431
BTC-26JUL24-59000-P,,,7.4,16.3,64012.92,0.0655,0.0685,,0.1,0.1305,0.034,0.068,0.07577473,BTC-26JUL24-59000-P,0.067,64012.92,open,1714276120752,,0.0,0.0,,,,57.39,59.11,SYN.BTC-26JUL24,65359.7062,58.24,0.0,-59.98887,-37.14782,113.76371,2e-05,-0.30869,89.0,59000.0,0.0825636473810442
BTC-26JUL24-60000-P,,,15.7,15.8,64013.8,0.0715,0.075,,17.1,0.1385,0.0385,0.075,0.08274623,BTC-26JUL24-60000-P,0.0734,64013.8,open,1714276122765,,14690.09,3.0,-3.8462,0.075,0.078,57.1,59.06,SYN.BTC-26JUL24,65359.5738,58.17,0.0,-64.33304,-38.13323,116.92192,2e-05,-0.32948,89.0,60000.0,0.06575652906466302
BTC-26JUL24-61000-P,,,15.3,21.4,64014.5,0.0785,0.082,,6.5,0.147,0.0435,0.0835,0.09008487,BTC-26JUL24-61000-P,0.0801,64014.5,open,1714276124781,,0.0,0.0,,,,57.2,59.11,SYN.BTC-26JUL24,65361.9885,58.09,0.0,-68.75715,-38.99192,119.72091,2e-05,-0.35045,89.0,61000.0,0.04922722711345241
BTC-26JUL24-62000-P,,,14.5,7.0,64014.23,0.0855,0.089,,1.8,0.156,0.049,0.0925,0.09769305,BTC-26JUL24-62000-P,0.0872,64014.23,open,1714276126794,,0.0,0.0,,,,57.09,58.96,SYN.BTC-26JUL24,65360.9862,58.01,0.0,-73.27574,-39.73328,122.15598,2e-05,-0.37165,89.0,62000.0,0.03296670624167212
BTC-26JUL24-63000-P,,,14.1,7.0,64015.04,0.093,0.0965,,1.5,0.165,0.0545,0.095,0.10553928,BTC-26JUL24-63000-P,0.0947,64015.04,open,1714276127801,,0.0,0.0,,,,57.07,58.91,SYN.BTC-26JUL24,65360.8715,57.97,0.0,-77.87101,-40.37248,124.21559,2e-05,-0.39294,89.0,63000.0,0.01696636489523093
BTC-26JUL24-64000-P,,,13.9,7.0,64012.95,0.1005,0.1045,,1.6,0.1745,0.061,0.105,0.11431301,BTC-26JUL24-64000-P,0.1026,64012.95,open,1714276129815,,0.0,0.0,,,,56.87,58.94,SYN.BTC-26JUL24,65360.8523,57.95,0.0,-82.52786,-40.90487,125.89455,2e-05,-0.41423,89.0,64000.0,0.0012180079270918383
BTC-26JUL24-65000-C,,,7.0,15.0,64012.93,0.115,0.1185,,5.0,0.182,0.0745,0.1205,0.110829,BTC-26JUL24-65000-C,0.1165,64012.93,open,1714276130822,,0.0,0.0,,,,57.26,59.06,SYN.BTC-26JUL24,65359.5123,58.02,0.0,71.55663,-41.37486,127.18911,2e-05,0.56459,89.0,65000.0,-0.014286178608873427
BTC-26JUL24-66000-C,,,7.0,15.1,64012.07,0.1085,0.112,,22.2,0.1755,0.0685,0.108,0.10464198,BTC-26JUL24-66000-C,0.11,64012.07,open,1714276132836,,34262.26,5.0,0.0,0.108,0.108,57.39,59.18,SYN.BTC-26JUL24,65357.6454,58.17,0.0,69.24766,-41.77988,128.10471,2e-05,0.54369,89.0,66000.0,-0.029553650739661878
BTC-26JUL24-67000-C,,,7.0,15.1,64013.5,0.102,0.1055,,5.7,0.169,0.063,0.1125,0.09829265,BTC-26JUL24-67000-C,0.1036,64013.5,open,1714276133844,,0.0,0.0,,,,57.35,59.13,SYN.BTC-26JUL24,65358.1654,58.18,0.0,66.95305,-41.96977,128.66652,2e-05,0.52292,89.0,67000.0,-0.0445915281042024
BTC-26JUL24-68000-C,,,7.0,15.4,64013.38,0.096,0.0995,,1.9,0.163,0.0575,0.1005,0.09256257,BTC-26JUL24-68000-C,0.0976,64013.38,open,1714276134850,,0.0,0.0,,,,57.4,59.18,SYN.BTC-26JUL24,65359.5246,58.23,0.0,64.65213,-42.07839,128.87947,2e-05,0.50252,89.0,68000.0,-0.05940661388934309
BTC-26JUL24-69000-C,,,7.0,5.2,64014.81,0.0905,0.0935,,0.1,0.157,0.053,0.0945,0.08717503,BTC-26JUL24-69000-C,0.0919,64014.81,open,1714276136869,,0.0,0.0,,,,57.55,59.07,SYN.BTC-26JUL24,65361.0715,58.25,0.0,62.35538,-42.05735,128.75931,2e-05,0.48238,89.0,69000.0,-0.07400541331049576
BTC-26JUL24-70000-C,,,7.4,16.0,64015.46,0.085,0.0885,,9.3,0.1515,0.0485,0.082,0.08213673,BTC-26JUL24-70000-C,0.0867,64015.46,open,1714276138878,,1032.61,0.2,0.0,0.082,0.082,57.55,59.34,SYN.BTC-26JUL24,65361.4077,58.4,0.0,60.07638,-42.01935,128.32715,2e-05,0.46287,89.0,70000.0,-0.08839415076259535
BTC-26JUL24-71000-C,,,27.7,22.1,64015.24,0.08,0.0835,,1.3,0.1465,0.0445,0.0805,0.07722695,BTC-26JUL24-71000-C,0.0817,64015.24,open,1714276140892,,0.0,0.0,,,,57.67,59.46,SYN.BTC-26JUL24,65361.6785,58.52,0.0,57.82329,-41.8692,127.60357,2e-05,0.44376,89.0,71000.0,-0.10257878575455183
BTC-26JUL24-72000-C,,,20.6,22.6,64017.77,0.0755,0.0785,,11.5,0.141,0.0405,0.075,0.07275399,BTC-26JUL24-72000-C,0.0769,64017.77,open,1714276141899,,25628.62,5.4,3.4483,0.0725,0.075,57.9,59.45,SYN.BTC-26JUL24,65361.3962,58.63,0.0,55.59951,-41.62019,126.60648,2e-05,0.42508,89.0,72000.0,-0.1165650277292916
BTC-26JUL24-73000-C,,,27.8,22.9,64015.27,0.071,0.074,,3.2,0.1365,0.037,0.0725,0.06852242,BTC-26JUL24-73000-C,0.0724,64015.27,open,1714276143914,,0.0,0.0,,,,58.0,59.57,SYN.BTC-26JUL24,65361.9831,58.74,0.0,53.41744,-41.29189,125.36352,2e-05,0.40693,89.0,73000.0,-0.13035834986162742
BTC-26JUL24-74000-C,,,34.5,16.2,64014.8,0.0665,0.0695,,32.1,0.1315,0.034,0.071,0.06437542,BTC-26JUL24-74000-C,0.0682,64014.8,open,1714276144919,,0.0,0.0,,,,57.97,59.56,SYN.BTC-26JUL24,65361.5308,58.85,0.0,51.27241,-40.8786,123.88618,2e-05,0.38924,89.0,74000.0,-0.1439640019174061
BTC-26JUL24-76000-C,,,35.7,6.0,64020.6,0.059,0.0615,,87.8,0.1225,0.0285,0.0585,0.05684978,BTC-26JUL24-76000-C,0.0602,64020.6,open,1714276147941,,29812.17,8.0,0.0,0.0585,0.0585,58.33,59.69,SYN.BTC-26JUL24,65361.1115,59.01,0.0,47.10674,-39.80296,120.30349,2e-05,0.35523,89.0,76000.0,-0.1706322489995674
BTC-26JUL24-78000-C,,,38.1,6.0,64023.24,0.0525,0.0545,,77.5,0.114,0.0235,0.0555,0.05035579,BTC-26JUL24-78000-C,0.0535,64023.24,open,1714276148953,,0.0,0.0,,,,58.76,59.89,SYN.BTC-26JUL24,65367.1908,59.35,0.0,43.2464,-38.66624,116.19011,2e-05,0.32434,89.0,78000.0,-0.1966077354028281
BTC-26JUL24-80000-C,,,39.6,6.0,64031.39,0.0465,0.0485,,64.7,0.107,0.02,0.046,0.04491819,BTC-26JUL24-80000-C,0.0478,64031.39,open,1714276154991,,75413.81,26.4,1.0989,0.045,0.046,59.04,60.21,SYN.BTC-26JUL24,65380.3938,59.77,0.0,39.68487,-37.43722,111.70995,2e-05,0.2962,89.0,80000.0,-0.22192554338711798
BTC-26JUL24-82000-C,,,20.7,6.0,64036.35,0.0415,0.0435,,35.8,0.1005,0.017,0.0395,0.03980563,BTC-26JUL24-82000-C,0.0426,64036.35,open,1714276157005,,248.53,0.1,0.0,0.0395,0.0395,59.52,60.75,SYN.BTC-26JUL24,65382.7077,60.17,0.0,36.33581,-36.0528,106.8615,2e-05,0.27003,89.0,82000.0,-0.24661815597748943
BTC-26JUL24-84000-C,,,21.0,6.1,64040.32,0.037,0.039,,9.6,0.0945,0.014,0.0355,0.03546334,BTC-26JUL24-84000-C,0.038,64040.32,open,1714276160027,,14054.52,6.2,-1.3889,0.0355,0.036,59.94,61.23,SYN.BTC-26JUL24,65389.33,60.61,0.0,33.26673,-34.6222,101.88544,2e-05,0.24626,89.0,84000.0,-0.27071570755654994
BTC-26JUL24-85000-C,,,21.2,6.0,64037.06,0.035,0.037,,0.0,0.0915,0.013,,0.03366534,BTC-26JUL24-85000-C,0.036,64037.06,open,1714276162039,,0.0,0.0,,,,60.2,61.51,SYN.BTC-26JUL24,65388.9431,60.86,0.0,31.83623,-33.91514,99.38824,2e-05,0.23529,89.0,85000.0,-0.28255016520355275
BTC-26JUL24-86000-C,,,21.3,6.0,64038.83,0.033,0.035,,8.0,0.089,0.012,0.0315,0.03185287,BTC-26JUL24-86000-C,0.0341,64038.83,open,1714276165059,,12483.42,6.1,-3.0769,0.0315,0.0325,60.36,61.72,SYN.BTC-26JUL24,65388.7246,61.11,0.0,30.46708,-33.20002,96.88823,2e-05,0.22482,89.0,86000.0,-0.2942462049667441
